round,num_users,frac,local_ep,local_bs,bs,lr,momentum,warmup_epoch,model,ks,in_ch,dataset,nclass,nsample_pc,noniid,pruning_percent,pruning_target,dist_thresh_fc,acc_thresh,seed,algorithm,avg_final_tacc,personalized_parameters_percentage,corr_label_network_similarity,date,delta_r,alpha,regrowth_param,parameter_to_multiply_avg,lambda_value
100,10,1.0,5,32,128,0.01,0.5,0,lenet5,5,3,cifar10,2,20,True,20.0,70,0.0001,50,1,fedspa,tensor(52.2062),"[0.0, 0.19247606019151844, 0.308878780220706, 0.03356237921408632, 0.0]",0.034276396431429455,2022-07-27
100,10,1.0,5,32,128,0.01,0.5,0,lenet5,5,3,cifar10,2,20,True,20.0,70,0.0001,50,1,sub_fedavg,tensor(71.4563),"[0.05673913043478261, 0.05595890909416925, 0.06487808296094055, 0.0645938395671957, 0.0578210904741517]",0.05239343322239048,2022-07-27
100,10,1.0,5,32,128,0.01,0.5,0,lenet5,5,3,cifar10,2,20,True,20.0,70,0.0001,50,1,ours,tensor(74.1125),"[0.010228974860462306, 0.03118061338294107, 0.022744959387895506, 0.011599916921345358, 0.008967189119034585]",0.5067418295777012,2022-07-27
100,10,1.0,5,32,128,0.01,0.5,0,lenet5,5,3,cifar10,2,20,True,20.0,70,0.0001,50,1,fedspa,tensor(59.4312),"[0.0006912442396313364, 0.049521203830369356, 0.08055766152809365, 0.0216448357311574, 0.0]",0.13467004690536266,2022-07-28
1000,100,0.1,5,32,128,0.01,0.5,0,lenet5,5,3,cifar10,2,20,True,20.0,70,0.0001,50,1,sub_fedavg,tensor(73.6650),"[0.018211379375137948, 0.015192020193765305, 0.017355499799880637, 0.017932145596664874, 0.01614970245118221]",0.013290080508184874,2022-07-28
1000,100,0.1,5,32,128,0.01,0.5,0,lenet5,5,3,cifar10,2,20,True,20.0,70,0.0001,50,1,ours,tensor(74.8163),"[0.008108759524659557, 0.01753904747791344, 0.01238133872258689, 0.006420253106404749, 0.004413340904125608]",0.007802189928161807,2022-07-28
200,20,0.5,5,32,128,0.01,0.5,0,lenet5,5,3,cifar10,2,20,True,20.0,70,0.0001,50,1,ours,tensor(74.6188),"[0.009296984989448288, 0.020447759652013342, 0.011734321052053489, 0.007323032437064172, 0.0061692314647034865]",0.1644907518330942,2022-07-29
200,20,0.5,5,32,128,0.01,0.5,0,lenet5,5,3,cifar10,2,20,True,20.0,70,0.0001,50,1,ours,tensor(73.8844),"[0.007194337507526452, 0.024883068310126804, 0.011085020728356147, 0.008620213583706935, 0.007313414062586615]",0.2017643295439224,2022-07-29
200,20,0.5,5,32,128,0.01,0.5,0,lenet5,5,3,cifar10,2,20,True,20.0,70,0.0001,50,1,ours,tensor(75.0563),"[0.009580219472318893, 0.03430961234965213, 0.016468164515881553, 0.010259077161469394, 0.00932212274039414]",0.213803975719451,2022-07-29
200,20,0.5,5,32,128,0.01,0.5,0,lenet5,5,3,cifar10,2,20,True,20.0,70,0.0001,50,1,ours,tensor(73.4469),"[0.012419332566171712, 0.029332561546712897, 0.014303668082901474, 0.008864052276375213, 0.00816803572406374]",0.12349170389853345,2022-07-29
200,20,0.5,5,32,128,0.01,0.5,0,lenet5,5,3,cifar10,2,20,True,20.0,70,0.0001,50,1,ours,tensor(73.9719),"[0.017488655316311587, 0.025555343379469558, 0.012492896040689299, 0.008627812460797236, 0.008692637100733026]",0.03809536636262274,2022-07-29
200,20,0.5,5,32,128,0.01,0.5,0,lenet5,5,3,cifar10,2,20,True,20.0,70,0.0001,50,1,ours,tensor(74.3031),"[0.012127677231474208, 0.02611191576074241, 0.01027418236970867, 0.007881876427722145, 0.0071321324219672955]",0.07734468207502541,2022-07-29
100,20,1.0,5,32,128,0.01,0.5,0,lenet5,5,3,cifar10,2,20,True,20.0,70,0.0001,50,1,ours,tensor(71.8594),"[0.010974464423819767, 0.025643271592697643, 0.009337741387841103, 0.007176175164741056, 0.010119047651594973]",0.2540743315147696,2022-07-29
100,10,1.0,5,32,128,0.01,0.5,0,lenet5,5,3,cifar10,2,20,True,20.0,70,0.0001,50,1,ours,tensor(68.3000),"[0.012897302535945777, 0.025825476946195514, 0.008618212147302561, 0.007024435268656995, 0.006773465884185305]",0.2510552158434892,2022-07-29
100,10,1.0,5,32,128,0.01,0.5,0,lenet5,5,3,cifar10,2,20,True,20.0,70,0.0001,50,1,ours,tensor(68.4062),"[0.027245321789000278, 0.040649331891411435, 0.027160925982340472, 0.01473364084310676, 0.010094802521857758]",0.6684156503784063,2022-07-29
100,10,1.0,5,32,128,0.01,0.5,0,lenet5,5,3,cifar10,2,20,True,20.0,70,0.0001,50,1,sub_fedavg,tensor(68.0875),"[0.01076923076923077, 0.01659634317862166, 0.004684873949579832, 0.005540720961281708, 0.013877551020408163]",0.05782390710917241,2022-07-29
200,20,0.5,5,32,128,0.01,0.5,0,lenet5,5,3,cifar10,2,20,True,20.0,70,0.0001,50,1,ours,tensor(74.0406),"[0.012291834875210034, 0.021073480710628926, 0.013868895797002775, 0.0087246284808855, 0.007741184080514089]",0.10174183023954099,2022-07-29
200,20,0.5,5,32,128,0.01,0.5,0,lenet5,5,3,cifar10,2,20,True,20.0,70,0.0001,50,1,ours,tensor(73.6969),"[0.0, 0.0, 0.0, 0.0, 0.0]",0.24590110319128103,2022-07-29
200,20,0.5,5,32,128,0.01,0.5,0,lenet5,5,3,cifar10,2,20,True,20.0,70,0.0001,50,1,ours,tensor(75.8000),"[0.0, 0.0, 0.0, 0.0, 0.0]",0.2613533294963152,2022-07-29
200,20,0.5,5,32,128,0.01,0.5,0,lenet5,5,3,cifar10,2,20,True,20.0,70,0.0001,50,1,ours,tensor(75.1594),"[0.0, 0.0, 0.0, 0.0, 0.0]",0.24752001265469542,2022-07-29
150,15,0.7,5,32,128,0.01,0.5,0,lenet5,5,3,cifar10,2,20,True,20.0,70,0.0001,50,1,sub_fedavg,tensor(71.1375),"[0.007692307692307693, 0.009563994374120957, 0.0028057889822595697, 0.0026924788607031597, 0.012244897959183675]",-0.0931939101720318,2022-07-29,20,0.1,0.5,0.8,1
150,15,0.7,5,32,128,0.01,0.5,0,lenet5,5,3,cifar10,2,20,True,20.0,70,0.0001,50,1,ours,tensor(73.8500),"[0.0047109816037528935, 0.017466464817494073, 0.012305417374237128, 0.0062524908703267225, 0.004843891447357764]",0.14459021129420166,2022-07-29,20,0.1,0.5,0.8,1
150,15,0.7,5,32,128,0.01,0.5,0,lenet5,5,3,cifar10,2,20,True,20.0,70,0.0001,50,1,ours,tensor(71.7000),"[0.010559563078101302, 0.022017710407447676, 0.011071418077274648, 0.007444718418051128, 0.008514197833198086]",0.2163274629237533,2022-07-29,20,0.2,0.5,0.8,1
150,15,0.7,5,32,128,0.01,0.5,0,lenet5,5,3,cifar10,2,20,True,20.0,70,0.0001,50,1,ours,tensor(72.6333),"[0.0055169404607537335, 0.015571262893289932, 0.007831699396487318, 0.004169397979818057, 0.0027618572144760783]",0.25514372852203154,2022-07-29,10,0.1,0.5,0.8,1
100,10,1.0,5,32,128,0.01,0.5,0,lenet5,5,3,cifar10,2,20,True,20.0,70,0.0001,50,1,sub_fedavg,tensor(67.2937),"[0.015, 0.017522500736589893, 0.005491321166910098, 0.004725321202881638, 0.016695895088073252]",0.12979794833647382,2022-07-30,20,0.1,0.5,0.8,1
100,10,1.0,5,32,128,0.01,0.5,0,lenet5,5,3,cifar10,2,20,True,20.0,70,0.0001,50,1,ours,tensor(66.5250),"[0.010322046684642918, 0.03284237278048542, 0.027712532606480555, 0.012599552423745433, 0.011923868041309552]",0.19585487765188692,2022-07-30,20,0.1,0.5,0.8,1
100,10,1.0,5,32,128,0.01,0.5,0,lenet5,5,3,cifar10,2,20,True,20.0,70,0.0001,50,1,sub_fedavg,tensor(72.8812),"[0.014615384615384617, 0.016174402250351615, 0.0034383753501400563, 0.0033711615487316423, 0.01387755102040816]",0.3141626822996822,2022-07-30,20,0.1,0.5,0.8,1
100,10,1.0,5,32,128,0.01,0.5,0,lenet5,5,3,cifar10,2,20,True,20.0,70,0.0001,50,1,ours,tensor(71.0750),"[0.011125457138959757, 0.02791384588283155, 0.021394585814404066, 0.011348707243566828, 0.005622068909798536]",0.4374649508947972,2022-07-30,20,0.1,0.5,0.8,1
100,10,1.0,5,32,128,0.01,0.5,0,lenet5,5,3,cifar10,2,20,True,20.0,70,0.0001,50,1,sub_fedavg,tensor(71.9437),"[0.016153846153846154, 0.015471167369901551, 0.0038865546218487396, 0.004205607476635514, 0.01183673469387755]",0.26330798122863414,2022-07-30,20,0.1,0.5,0.8,1
100,10,1.0,10,32,128,0.01,0.5,0,lenet5,5,3,cifar10,2,20,True,20.0,70,0.0001,50,1,sub_fedavg,tensor(68.3750),"[0.018461538461538463, 0.01476793248945148, 0.003949579831932773, 0.003938584779706275, 0.007346938775510204]",-0.14879805636018922,2022-07-30,20,0.1,0.5,0.8,1
100,10,1.0,10,32,128,0.01,0.5,0,lenet5,5,3,cifar10,2,20,True,20.0,70,0.0001,50,1,ours,tensor(69.5125),"[0.0072092542558839096, 0.021179285505728382, 0.017446757601891193, 0.006784673712506334, 0.004445647191951798]",-0.04558823702755967,2022-07-30,20,0.1,0.5,0.8,1
100,10,1.0,10,32,128,0.01,0.5,0,lenet5,5,3,cifar10,2,20,True,20.0,70,0.0001,50,1,ours,tensor(68.9437),"[0.00399576947858604, 0.01167443454092045, 0.004387754853119494, 0.0030646780133005117, 0.0036663352042804985]",0.4015873914472349,2022-07-30,20,0.2,0.5,0.8,1
100,10,1.0,10,32,128,0.01,0.5,0,lenet5,5,3,cifar10,2,20,True,20.0,70,0.0001,50,1,ours,tensor(70.1000),"[0.005495502322946698, 0.015579733416525365, 0.004974676355595657, 0.0032038333480802527, 0.0035455689106627815]",0.30272267890156096,2022-07-30,10,0.1,0.5,0.8,1
100,10,1.0,10,32,128,0.01,0.5,0,lenet5,5,3,cifar10,2,20,True,20.0,70,0.0001,50,2,sub_fedavg,tensor(66.9750),"[0.015384615384615385, 0.02025316455696203, 0.005469187675070029, 0.005507343124165554, 0.008979591836734694]",-0.11874435469211717,2022-07-30,10,0.1,0.5,0.8,1
100,10,1.0,10,32,128,0.01,0.5,0,lenet5,5,3,cifar10,2,20,True,20.0,70,0.0001,50,3,sub_fedavg,tensor(69.9437),"[0.0748494983277592, 0.060753199461215636, 0.07642548034838935, 0.07824927844113795, 0.07004709576138148]",-0.11398049125453737,2022-07-30,10,0.1,0.5,0.8,1
100,10,1.0,10,32,128,0.01,0.5,0,lenet5,5,3,cifar10,2,20,True,20.0,70,0.0001,50,2,ours,tensor(68.0312),"[0.0165038340102134, 0.030002463310657673, 0.021000446108897425, 0.010558760750619452, 0.005781637236856464]",0.04558453505022425,2022-07-30,10,0.1,0.5,0.8,1
100,10,1.0,10,32,128,0.01,0.5,0,lenet5,5,3,cifar10,2,20,True,20.0,70,0.0001,50,3,ours,tensor(70.3063),"[0.007017987358329482, 0.01251702252982272, 0.008078362959686683, 0.0047213445562617655, 0.0036203008352454144]",-0.03194368362069424,2022-07-30,10,0.1,0.5,0.8,1
100,10,1.0,10,32,128,0.01,0.5,0,lenet5,5,3,cifar10,2,20,True,20.0,70,0.0001,50,1,ours,tensor(69.7812),"[0.008656214740647828, 0.01712110976059167, 0.005963715980681457, 0.005221867008353692, 0.004486968447285637]",-0.014549868164697402,2022-07-30,20,0.2,0.5,0.8,1
100,10,1.0,10,32,128,0.01,0.5,0,lenet5,5,3,cifar10,2,20,True,20.0,70,0.0001,50,3,ours,tensor(70.9750),"[0.018170894645941522, 0.03368078468595843, 0.014580935042360499, 0.007982512461571853, 0.009560973868689898]",0.10794568730863191,2022-07-30,20,0.2,0.5,0.8,1
100,10,1.0,10,32,128,0.01,0.5,0,lenet5,5,3,cifar10,2,20,True,20.0,70,0.0001,50,2,ours,tensor(68.6312),"[0.02333480490185865, 0.04021533283899634, 0.019078279253346098, 0.010478620383776524, 0.008104783557333753]",0.26013825710445954,2022-07-30,20,0.2,0.5,0.8,1
100,10,1.0,10,32,128,0.01,0.5,0,lenet5,5,3,cifar10,2,20,True,20.0,70,0.0001,50,1,ours,tensor(68.2937),"[0.009301986553822831, 0.019803906998073755, 0.016723870594501998, 0.007225206594567007, 0.0046419865735374665]",0.4374757734811615,2022-07-30,20,0.1,0.5,0.8,1
100,10,1.0,10,32,128,0.01,0.5,0,lenet5,5,3,cifar10,2,20,True,20.0,70,0.0001,50,1,sub_fedavg,tensor(68.5687),"[0.03307692307692308, 0.018987341772151896, 0.0037745098039215683, 0.004072096128170895, 0.010612244897959183]",0.11982151238751577,2022-07-30,20,0.1,0.5,0.8,1
100,10,1.0,10,32,128,0.01,0.5,0,lenet5,5,3,cifar10,2,20,True,20.0,70,0.0001,50,2,sub_fedavg,tensor(64.5437),"[0.027692307692307693, 0.032067510548523206, 0.008865546218487393, 0.007142857142857143, 0.015102040816326528]",-0.08614641940619228,2022-07-30,20,0.1,0.5,0.8,1
100,10,1.0,10,32,128,0.01,0.5,0,lenet5,5,3,cifar10,2,20,True,20.0,70,0.0001,50,3,sub_fedavg,tensor(68.8625),"[0.07663786696395392, 0.06342829027450485, 0.07531333038971749, 0.07691893250051983, 0.07246304108235473]",-0.01585093236266602,2022-07-30,20,0.1,0.5,0.8,1
100,10,1.0,10,32,128,0.01,0.5,0,lenet5,5,3,cifar10,2,20,True,20.0,70,0.0001,50,3,ours,tensor(68.3500),"[0.02279329140612585, 0.03389955301194338, 0.022348521785276514, 0.009752939742887344, 0.008030748894895249]",0.13930140351228365,2022-07-30,20,0.1,0.5,0.8,1
100,10,1.0,10,32,128,0.01,0.5,0,lenet5,5,3,cifar10,2,20,True,20.0,70,0.0001,50,1,local_training,tensor(58.9500),"[0.0, 0.0, 0.0, 0.0, 0.0]",nan,2022-07-30,20,0.1,0.5,0.8,1
100,10,1.0,10,32,128,0.01,0.5,0,lenet5,5,3,cifar10,2,20,True,20.0,70,0.0001,50,2,ours,tensor(66.9437),"[0.026123957635317864, 0.04016531500810422, 0.030045548716817527, 0.014960014938380497, 0.012764925923414706]",0.057086241953535934,2022-07-30,20,0.1,0.5,0.8,1
100,10,1.0,10,32,128,0.01,0.5,0,lenet5,5,3,cifar10,2,20,True,20.0,70,0.0001,50,1,ours,tensor(67.1937),"[0.008195281534870542, 0.009710540349970601, 0.004697560479279547, 0.002613572010669676, 0.0015839464099704089]",0.35274098179800656,2022-07-30,20,0.2,0.8,0.8,1
100,10,1.0,10,32,128,0.01,0.5,0,lenet5,5,3,cifar10,2,20,True,20.0,70,0.0001,50,3,ours,tensor(69.2625),"[0.013711423658311416, 0.027154686616745576, 0.013525438247141525, 0.007000808757279075, 0.005749950308384075]",0.45362944355656876,2022-07-30,20,0.2,0.8,0.8,1
100,10,1.0,10,32,128,0.01,0.5,0,lenet5,5,3,cifar10,2,20,True,20.0,70,0.0001,50,2,ours,tensor(66.9938),"[0.005677470158114442, 0.014755162202989159, 0.008002610924288427, 0.004823678358120491, 0.005451565795988709]",0.2502445230416049,2022-07-30,20,0.2,0.8,0.8,1
100,10,1.0,10,32,128,0.01,0.5,0,lenet5,5,3,cifar10,2,20,True,20.0,70,0.0001,50,1,ours,tensor(68.7188),"[0.009173450976236881, 0.012226459644141681, 0.0069321941926588915, 0.0036491760007245676, 0.002891172536138032]",0.3680600391307934,2022-07-30,10,0.2,0.8,0.8,1
100,10,1.0,10,32,128,0.01,0.5,0,lenet5,5,3,cifar10,2,20,True,20.0,70,0.0001,50,1,sub_fedavg,tensor(71.1312),"[0.02230769230769231, 0.01518987341772152, 0.004327731092436975, 0.004672897196261681, 0.017551020408163264]",0.1633331179364497,2022-07-30,10,0.2,0.8,0.8,1
100,10,1.0,10,32,128,0.01,0.5,0,lenet5,5,3,cifar10,2,20,True,20.0,70,0.0001,50,2,sub_fedavg,tensor(71.5563),"[0.016923076923076923, 0.02109704641350211, 0.004110644257703082, 0.004739652870493992, 0.018367346938775515]",0.14232839597099625,2022-07-30,10,0.2,0.8,0.8,1
100,10,1.0,10,32,128,0.01,0.5,0,lenet5,5,3,cifar10,2,20,True,20.0,70,0.0001,50,3,sub_fedavg,tensor(73.3875),"[0.02076923076923077, 0.02883263009845289, 0.005336134453781513, 0.004806408544726302, 0.017959183673469388]",0.24311525814057844,2022-07-30,10,0.2,0.8,0.8,1
100,10,1.0,10,32,128,0.01,0.5,0,lenet5,5,3,cifar10,2,20,True,20.0,70,0.0001,50,2,ours,tensor(72.5687),"[0.010627144631528035, 0.019963594513465268, 0.009280580464055067, 0.006120079494579612, 0.005453574299095879]",0.19757070766804227,2022-07-30,10,0.2,0.8,0.8,1
100,10,1.0,10,32,128,0.01,0.5,0,lenet5,5,3,cifar10,2,20,True,20.0,70,0.0001,50,1,ours,tensor(72.9688),"[0.012924581519143682, 0.021764964411798798, 0.011232453126903498, 0.006778932711505139, 0.004680372641438448]",0.5522537390280834,2022-07-30,10,0.2,0.8,0.8,1
100,10,1.0,10,32,128,0.01,0.5,0,lenet5,5,3,cifar10,2,20,True,20.0,70,0.0001,50,3,ours,tensor(74.8562),"[0.004352617015162053, 0.009498500136063206, 0.005178107155309717, 0.00236317621360407, 0.001870388018785926]",0.3424413979751457,2022-07-30,10,0.2,0.8,0.8,1
100,10,1.0,10,32,128,0.01,0.5,0,lenet5,5,3,cifar10,2,20,True,20.0,70,0.0001,50,1,local_training,tensor(69.7188),"[0.0, 0.0, 0.0, 0.0, 0.0]",nan,2022-07-30,10,0.2,0.8,0.8,1
100,10,1.0,10,32,128,0.01,0.5,0,lenet5,5,3,cifar10,2,20,True,20.0,70,0.0001,50,2,local_training,tensor(56.4938),"[0.0, 0.0, 0.0, 0.0, 0.0]",nan,2022-07-30,10,0.2,0.8,0.8,1
100,10,1.0,10,32,128,0.01,0.5,0,lenet5,5,3,cifar10,2,20,True,20.0,70,0.0001,50,3,local_training,tensor(66.3500),"[0.0, 0.0, 0.0, 0.0, 0.0]",nan,2022-07-30,10,0.2,0.8,0.8,1
100,10,1.0,10,32,128,0.01,0.5,0,lenet5,5,3,cifar10,2,20,True,20.0,70,0.0001,50,1,fedavg,tensor(73.1562),"[0.0, 0.0, 0.0, 0.0, 0.0]",nan,2022-07-30,10,0.2,0.8,0.8,1
100,10,1.0,10,32,128,0.01,0.5,0,lenet5,5,3,cifar10,2,20,True,20.0,70,0.0001,50,2,fedavg,tensor(72.8812),"[0.0, 0.0, 0.0, 0.0, 0.0]",nan,2022-07-30,10,0.2,0.8,0.8,1
100,10,1.0,10,32,128,0.01,0.5,0,lenet5,5,3,cifar10,2,20,True,20.0,70,0.0001,50,3,fedavg,tensor(74.7688),"[0.0, 0.0, 0.0, 0.0, 0.0]",nan,2022-07-30,10,0.2,0.8,0.8,1
100,10,1.0,10,32,128,0.01,0.5,0,lenet5,5,3,cifar10,2,20,True,20.0,70,0.0001,50,1,local_training,tensor(72.0563),"[0.0, 0.0, 0.0, 0.0, 0.0]",nan,2022-07-30,10,0.2,0.8,0.8,1
100,10,1.0,10,32,128,0.01,0.5,0,lenet5,5,3,cifar10,2,20,True,20.0,70,0.0001,50,2,local_training,tensor(70.6687),"[0.0, 0.0, 0.0, 0.0, 0.0]",nan,2022-07-30,10,0.2,0.8,0.8,1
100,10,1.0,10,32,128,0.01,0.5,0,lenet5,5,3,cifar10,2,20,True,20.0,70,0.0001,50,3,local_training,tensor(73.0437),"[0.0, 0.0, 0.0, 0.0, 0.0]",nan,2022-07-30,10,0.2,0.8,0.8,1
100,10,1.0,10,32,128,0.01,0.5,0,lenet5,5,3,cifar10,2,20,True,20.0,70,0.0001,50,1,fedspa,tensor(58.5250),"[0.0016129032258064516, 0.0868673050615595, 0.12922247493892677, 0.027464032639038006, 0.0]",0.44608194831677944,2022-07-30,10,0.5,0.8,0.8,1
100,10,1.0,10,32,128,0.01,0.5,0,lenet5,5,3,cifar10,2,20,True,20.0,70,0.0001,50,2,fedspa,tensor(55.7062),"[0.0006912442396313364, 0.0923392612859097, 0.13602055429197205, 0.034077732445780544, 0.0]",0.027359695782879893,2022-07-30,10,0.5,0.8,0.8,1
100,10,1.0,10,32,128,0.01,0.5,0,lenet5,5,3,cifar10,2,20,True,20.0,70,0.0001,50,3,fedspa,tensor(56.8188),"[0.0006912442396313364, 0.09466484268125855, 0.13956701204616292, 0.03371269057333047, 0.0]",0.4240795840466922,2022-07-30,10,0.5,0.8,0.8,1
100,10,1.0,10,32,128,0.01,0.5,0,lenet5,5,3,cifar10,2,20,True,20.0,70,0.0001,50,1,fedavg,tensor(74.4812),"[0.0, 0.0, 0.0, 0.0, 0.0]",nan,2022-07-30,10,0.2,0.8,0.8,1
100,10,1.0,10,32,128,0.01,0.5,0,lenet5,5,3,cifar10,2,20,True,20.0,70,0.0001,50,2,fedavg,tensor(72.4625),"[0.0, 0.0, 0.0, 0.0, 0.0]",nan,2022-07-30,10,0.2,0.8,0.8,1
100,10,1.0,10,32,128,0.01,0.5,0,lenet5,5,3,cifar10,2,20,True,20.0,70,0.0001,50,3,fedavg,tensor(75.2937),"[0.0, 0.0, 0.0, 0.0, 0.0]",nan,2022-07-30,10,0.2,0.8,0.8,1
100,10,1.0,10,32,128,0.01,0.5,0,lenet5,5,3,cifar10,2,20,True,20.0,70,0.0001,50,1,fedspa,tensor(57.5750),"[0.0009216589861751152, 0.12010943912448699, 0.19305871451436274, 0.022933218810392956, 0.0]",0.388793586060357,2022-07-30,10,0.2,0.8,0.8,1
100,10,1.0,10,32,128,0.01,0.5,0,lenet5,5,3,cifar10,2,20,True,20.0,70,0.0001,50,1,fedavg,tensor(31.3062),"[0.0, 0.0, 0.0, 0.0, 0.0]",nan,2022-07-30,10,0.2,0.8,0.8,1
100,10,1.0,10,32,128,0.01,0.5,0,lenet5,5,3,cifar10,2,20,True,20.0,70,0.0001,50,2,fedavg,tensor(34.8875),"[0.0, 0.0, 0.0, 0.0, 0.0]",nan,2022-07-30,10,0.2,0.8,0.8,1
100,10,1.0,10,32,128,0.01,0.5,0,lenet5,5,3,cifar10,2,20,True,20.0,70,0.0001,50,3,fedavg,tensor(37.0187),"[0.0, 0.0, 0.0, 0.0, 0.0]",nan,2022-07-30,10,0.2,0.8,0.8,1
1000,100,0.1,10,32,128,0.01,0.5,0,lenet5,5,3,cifar10,2,20,True,20.0,70,0.0001,50,1,sub_fedavg,tensor(72.9375),"[0.013048456977804802, 0.014571781246269812, 0.01332132564162259, 0.012310507729434556, 0.013427426356251168]",0.01459424714521122,2022-07-30,10,0.2,0.8,0.8,1
1000,100,0.1,10,32,128,0.01,0.5,0,lenet5,5,3,cifar10,2,20,True,20.0,70,0.0001,50,1,ours,tensor(75.8581),"[0.00907470684850978, 0.015553452975173266, 0.017871562139612447, 0.007403657728974235, 0.0035140524655136673]",0.03375917556662178,2022-07-30,10,0.2,0.8,0.8,1
100,10,1.0,10,32,128,0.01,0.5,0,lenet5,5,3,cifar10,2,20,True,20.0,70,0.0001,50,3,fedspa,tensor(63.6000),"[0.0004608294930875576, 0.029822161422708614, 0.04148765900092663, 0.01453725574404123, 0.0]",0.08194593627869674,2022-07-31,10,0.2,0.8,0.8,1
100,10,1.0,10,32,128,0.01,0.5,0,lenet5,5,3,cifar10,2,20,True,20.0,70,0.0001,50,1,fedspa,tensor(66.2313),"[0.0016129032258064516, 0.01121751025991792, 0.009561115323056188, 0.008932789349366546, 0.0]",-0.08414285489543723,2022-07-31,10,0.2,0.8,0.8,1
100,10,1.0,10,32,128,0.01,0.5,0,lenet5,5,3,cifar10,2,20,True,20.0,70,0.0001,50,2,fedspa,tensor(64.8250),"[0.0, 0.022982216142270865, 0.009620082554123494, 0.011788705175005368, 0.0]",0.29433273313146013,2022-07-31,10,0.2,0.8,0.8,1
100,10,1.0,10,32,128,0.01,0.5,0,lenet5,5,3,cifar10,2,20,True,20.0,70,0.0001,50,3,fedspa,tensor(70.1000),"[0.0, 0.02544459644322845, 0.023763794120124672, 0.01406484861498819, 0.0]",0.23635175393100852,2022-07-31,10,0.2,0.8,0.8,1
1000,100,0.1,10,32,128,0.01,0.5,0,lenet5,5,3,cifar10,2,20,True,20.0,70,0.0001,50,3,fedspa,tensor(6.6250),"[0.000178117048346056, 0.0, 4.939779307139394e-05, 4.5132344798788155e-05, 0.0]",-0.003065988673349093,2022-07-31,10,0.1,0.8,0.8,1
1,10,1.0,10,32,128,0.01,0.5,0,lenet5,5,3,cifar10,0,0,0,0,0.3,0,0,1,DisPFL,0.175,"[0.0004662004662004662, 0.1636237897648686, 0.2722000170082489, 0.037676132668545415, 0.0]",0.1106407288577988,2022-08-02,0,0.1,0,0,0
100,10,1.0,10,32,128,0.01,0.5,0,lenet5,5,3,cifar10,0,0,0,0,0.3,0,0,1,DisPFL,0.6646875000000001,"[0.0025641025641025645, 0.010511756569847857, 0.007075431584318394, 0.011987860394537178, 0.0]",0.21010401148054098,2022-08-02,0,0.1,0,0,0
100,10,1.0,10,32,128,0.01,0.5,0,lenet5,5,3,cifar10,0,0,0,0,0.3,0,0,1,DisPFL,0.663625,"[0.003030303030303031, 0.02738589211618257, 0.03297899481248406, 0.017212226316930413, 0.0]",-0.05593726878627169,2022-08-02,0,0.5,0,0,0
100,10,1.0,10,32,128,0.01,0.5,0,lenet5,5,3,cifar10,0,0,0,0,0.3,0,0,2,DisPFL,0.6588125,"[0.003263403263403264, 0.03250345781466113, 0.033718853644017346, 0.017775850856275737, 0.0]",-0.24883273370524472,2022-08-02,0,0.5,0,0,0
100,10,1.0,10,32,128,0.01,0.5,0,lenet5,5,3,cifar10,0,0,0,0,0.3,0,0,3,DisPFL,0.7061875000000001,"[0.002097902097902098, 0.030982019363762103, 0.033710349519516965, 0.018014307392152613, 0.0]",0.2732427622988889,2022-08-02,0,0.5,0,0,0
100,10,1.0,10,32,128,0.01,0.5,0,lenet5,5,3,cifar10,0,0,0,0,0.3,0,0,1,DisPFL,0.663625,"[0.003030303030303031, 0.02738589211618257, 0.03297899481248406, 0.017212226316930413, 0.0]",-0.05593726878627169,2022-08-02,0,0.5,0,0,0
100,10,1.0,10,32,128,0.01,0.5,0,lenet5,5,3,cifar10,0,0,0,0,0.3,0,0,2,DisPFL,0.6588125,"[0.003263403263403264, 0.03250345781466113, 0.033718853644017346, 0.017775850856275737, 0.0]",-0.24883273370524472,2022-08-02,0,0.5,0,0,0
100,10,1.0,10,32,128,0.01,0.5,0,lenet5,5,3,cifar10,0,0,0,0,0.3,0,0,3,DisPFL,0.7061875000000001,"[0.002097902097902098, 0.030982019363762103, 0.033710349519516965, 0.018014307392152613, 0.0]",0.2732427622988889,2022-08-02,0,0.5,0,0,0
1,100,0.1,10,32,128,0.01,0.5,0,lenet5,5,3,cifar10,2,20,True,20.0,70,0.0001,50,2,sub_fedavg,tensor(12.2094),"[0.0, 0.0, 0.0, 0.0, 0.0]",0.0024189423317871996,2022-08-06,10,0.5,0.8,0.8,1
1,100,0.1,10,32,128,0.01,0.5,0,lenet5,5,3,cifar10,2,20,True,20.0,70,0.0001,50,2,local_training,tensor(11.6550),"[0.0, 0.0, 0.0, 0.0, 0.0]",nan,2022-08-06,10,0.5,0.8,0.8,1
100,10,1.0,10,32,128,0.01,0.5,0,lenet5,5,3,cifar10,2,20,True,20.0,70,0.0001,50,1,ours,tensor(74.5125),"[0.008974124907753227, 0.018918315960329356, 0.010094697648923689, 0.005999391563378585, 0.0057084714796036065]",0.38694654532924905,2022-08-06,10,0.5,0.8,0.8,1
1,5,1.0,10,32,128,0.01,0.5,0,lenet5,5,3,cifar10,2,20,True,20.0,70,0.0001,50,1,ours,tensor(65.8500),"[0.002099737532808399, 0.003835553626831266, 0.001033647369264778, 0.0010785092971070849, 0.00078126857882299]",0.6382080445899562,2022-08-07,10,0.5,0.8,0.8,1
1,10,1.0,10,32,128,0.01,0.5,0,lenet5,5,3,cifar10,2,20,True,20.0,70,0.0001,50,1,create_data_to_learn_positive_transfer,tensor(72.4000),"[0.0, 0.0, 0.0, 0.0, 0.0]",nan,2022-10-08,10,0.5,0.8,0.8,1
1,10,1.0,10,32,128,0.01,0.5,0,lenet5,5,3,cifar10,2,20,True,20.0,70,0.0001,50,1,create_data_to_learn_positive_transfer,tensor(58.9562),"[0.0, 0.0, 0.0, 0.0, 0.0]",nan,2022-10-08,10,0.5,0.8,0.8,1
1,10,1.0,10,32,128,0.01,0.5,0,lenet5,5,3,cifar10,2,20,True,20.0,70,0.0001,50,1,create_data_to_learn_positive_transfer,tensor(53.3250),"[0.0, 0.0, 0.0, 0.0, 0.0]",nan,2022-10-08,10,0.5,0.8,0.8,1
1,10,1.0,10,32,128,0.01,0.5,0,lenet5,5,3,cifar10,2,20,True,20.0,70,0.0001,50,1,create_data_to_learn_positive_transfer,tensor(73.9688),"[0.0, 0.0, 0.0, 0.0, 0.0]",nan,2022-10-08,10,0.5,0.8,0.8,1
1,10,1.0,10,32,128,0.01,0.5,0,lenet5,5,3,cifar10,2,20,True,20.0,70,0.0001,50,1,create_data_to_learn_positive_transfer,tensor(74.1125),"[0.0, 0.0, 0.0, 0.0, 0.0]",nan,2022-10-08,10,0.5,0.8,0.8,1
1,10,1.0,10,32,128,0.01,0.5,0,lenet5,5,3,cifar10,2,20,True,20.0,70,0.0001,50,1,create_data_to_learn_positive_transfer,tensor(53.5000),"[0.0, 0.0, 0.0, 0.0, 0.0]",nan,2022-10-08,10,0.5,0.8,0.8,1
1,10,1.0,10,32,128,0.01,0.5,0,lenet5,5,3,cifar10,2,20,True,20.0,70,0.0001,50,1,create_data_to_learn_positive_transfer,tensor(70.5312),"[0.0, 0.0, 0.0, 0.0, 0.0]",nan,2022-10-09,10,0.5,0.8,0.8,1
1,10,1.0,10,32,128,0.01,0.5,0,lenet5,5,3,cifar10,2,20,True,20.0,70,0.0001,50,1,create_data_to_learn_positive_transfer,tensor(70.0188),"[0.0, 0.0, 0.0, 0.0, 0.0]",nan,2022-10-09,10,0.5,0.8,0.8,1
1,10,1.0,10,32,128,0.01,0.5,0,lenet5,5,3,cifar10,2,20,True,20.0,70,0.0001,50,1,create_data_to_learn_positive_transfer,tensor(69.8375),"[0.0, 0.0, 0.0, 0.0, 0.0]",nan,2022-10-09,10,0.5,0.8,0.8,1
1,10,1.0,10,32,128,0.01,0.5,0,lenet5,5,3,cifar10,2,20,True,20.0,70,0.0001,50,1,create_data_to_learn_positive_transfer,tensor(70.6750),"[0.0, 0.0, 0.0, 0.0, 0.0]",nan,2022-10-09,10,0.5,0.8,0.8,1
1,10,1.0,10,32,128,0.01,0.5,0,lenet5,5,3,cifar10,2,20,True,20.0,70,0.0001,50,1,create_data_to_learn_positive_transfer,tensor(69.7937),"[0.0, 0.0, 0.0, 0.0, 0.0]",nan,2022-10-09,10,0.5,0.8,0.8,1
1,10,1.0,10,32,128,0.01,0.5,0,lenet5,5,3,cifar10,2,20,True,20.0,70,0.0001,50,1,create_data_to_learn_positive_transfer,tensor(53.0375),"[0.0, 0.0, 0.0, 0.0, 0.0]",nan,2022-10-09,10,0.5,0.8,0.8,1
1,10,1.0,10,32,128,0.01,0.5,0,lenet5,5,3,cifar10,2,20,True,20.0,70,0.0001,50,1,create_data_to_learn_positive_transfer,tensor(53.7750),"[0.0, 0.0, 0.0, 0.0, 0.0]",nan,2022-10-09,10,0.5,0.8,0.8,1
1,10,1.0,10,32,128,0.01,0.5,0,lenet5,5,3,cifar10,2,20,True,20.0,70,0.0001,50,1,create_data_to_learn_positive_transfer,tensor(70.2000),"[0.0, 0.0, 0.0, 0.0, 0.0]",nan,2022-10-09,10,0.5,0.8,0.8,1
1,10,1.0,10,32,128,0.01,0.5,0,lenet5,5,3,cifar10,2,20,True,20.0,70,0.0001,50,1,create_data_to_learn_positive_transfer,tensor(70.0875),"[0.0, 0.0, 0.0, 0.0, 0.0]",nan,2022-10-09,10,0.5,0.8,0.8,1
1,10,1.0,10,32,128,0.01,0.5,0,lenet5,5,3,cifar10,2,20,True,20.0,70,0.0001,50,1,create_data_to_learn_positive_transfer,tensor(53.5625),"[0.0, 0.0, 0.0, 0.0, 0.0]",nan,2022-10-09,10,0.5,0.8,0.8,1
1,10,1.0,10,32,128,0.01,0.5,0,lenet5,5,3,cifar10,2,20,True,20.0,70,0.0001,50,1,create_data_to_learn_positive_transfer,tensor(53.4000),"[0.0, 0.0, 0.0, 0.0, 0.0]",nan,2022-10-11,10,0.5,0.8,0.8,1
1,10,1.0,10,32,128,0.01,0.5,0,lenet5,5,3,cifar10,2,20,True,20.0,70,0.0001,50,1,create_data_to_learn_positive_transfer,tensor(53.3812),"[0.0, 0.0, 0.0, 0.0, 0.0]",nan,2022-10-11,10,0.5,0.8,0.8,1
1,10,1.0,10,32,128,0.01,0.5,0,lenet5,5,3,cifar10,2,20,True,20.0,70,0.0001,50,1,create_data_to_learn_positive_transfer,tensor(53.2687),"[0.0, 0.0, 0.0, 0.0, 0.0]",nan,2022-10-13,10,0.5,0.8,0.8,1
1,10,1.0,10,32,128,0.01,0.5,0,lenet5,5,3,cifar10,2,20,True,20.0,70,0.0001,50,1,create_data_to_learn_positive_transfer,tensor(53.1063),"[0.0, 0.0, 0.0, 0.0, 0.0]",nan,2022-10-14,10,0.5,0.8,0.8,1
1,10,1.0,10,32,128,0.01,0.5,0,lenet5,5,3,cifar10,2,20,True,20.0,70,0.0001,50,1,create_data_to_learn_positive_transfer,tensor(52.4875),"[0.0, 0.0, 0.0, 0.0, 0.0]",nan,2022-10-14,10,0.5,0.8,0.8,1
