round,num_users,frac,local_ep,local_bs,bs,lr,momentum,warmup_epoch,model,ks,in_ch,dataset,nclass,nsample_pc,noniid,pruning_percent,pruning_target,dist_thresh_fc,acc_thresh,seed,algorithm,avg_final_tacc,personalized_parameters_percentage,corr_label_network_similarity,delta_r,alpha,regrowth_param,parameter_to_multiply_avg,lambda_value
0,100,0.1,5,32,128,0.01,0.5,0,lenet5,5,3,cifar10,2,20,True,20.0,70,0.0001,50,1,sub_fedavg,13.605625,"[0.0, 0.0, 0.0, 0.0, 0.0]",0.0019145140365905416,2022-07-28
50,100,0.1,5,32,128,0.01,0.5,0,lenet5,5,3,cifar10,2,20,True,20.0,70,0.0001,50,1,sub_fedavg,69.374374,"[0.014656944444444445, 0.014716666666666666, 0.016926796875, 0.017183345782184625, 0.016377976190476193]",0.011876743833830743,2022-07-28
100,100,0.1,5,32,128,0.01,0.5,0,lenet5,5,3,cifar10,2,20,True,20.0,70,0.0001,50,1,sub_fedavg,72.615,"[0.015916968599033812, 0.013688195549950898, 0.015383458105340109, 0.014925082188651635, 0.014008518832192018]",0.019048290352732436,2022-07-28
150,100,0.1,5,32,128,0.01,0.5,0,lenet5,5,3,cifar10,2,20,True,20.0,70,0.0001,50,1,sub_fedavg,72.80688,"[0.014397017747561225, 0.013831300943445772, 0.01164072604726764, 0.011358599948480931, 0.012503299497323832]",0.005497126824011245,2022-07-28
200,100,0.1,5,32,128,0.01,0.5,0,lenet5,5,3,cifar10,2,20,True,20.0,70,0.0001,50,1,sub_fedavg,73.9775,"[0.028733716591840014, 0.019484490237499333, 0.030294889932256694, 0.0313449582189798, 0.028644044476814477]",0.0036502060731310715,2022-07-28
0,100,0.1,5,32,128,0.01,0.5,0,lenet5,5,3,cifar10,2,20,True,20.0,70,0.0001,50,1,ours,13.929375,"[0.0, 0.0, 0.0, 0.0, 0.0]",0.00716657224627023,2022-07-28
250,100,0.1,5,32,128,0.01,0.5,0,lenet5,5,3,cifar10,2,20,True,20.0,70,0.0001,50,1,sub_fedavg,74.01625,"[0.0255475507486377, 0.018067442931399984, 0.02544844573627208, 0.02680849476155362, 0.022825913251610395]",0.007294442405852329,2022-07-28
300,100,0.1,5,32,128,0.01,0.5,0,lenet5,5,3,cifar10,2,20,True,20.0,70,0.0001,50,1,sub_fedavg,73.7825,"[0.022500084027973037, 0.015712024214122412, 0.02157646983205963, 0.023213939433644696, 0.019977590870794506]",0.01103927224855238,2022-07-28
350,100,0.1,5,32,128,0.01,0.5,0,lenet5,5,3,cifar10,2,20,True,20.0,70,0.0001,50,1,sub_fedavg,73.67625,"[0.019118755211861613, 0.014631940593954274, 0.01886800999012545, 0.020136650082872607, 0.01795504704690014]",0.01234913637690036,2022-07-28
50,100,0.1,5,32,128,0.01,0.5,0,lenet5,5,3,cifar10,2,20,True,20.0,70,0.0001,50,1,ours,70.8775,"[0.007191026715142221, 0.012777469837595264, 0.014731397198144768, 0.007741164405711138, 0.004743749897310596]",-0.004525451788085859,2022-07-28
400,100,0.1,5,32,128,0.01,0.5,0,lenet5,5,3,cifar10,2,20,True,20.0,70,0.0001,50,1,sub_fedavg,73.898125,"[0.01854422436830903, 0.014756420655093005, 0.017703445033606425, 0.018760522610633924, 0.016652618834910836]",0.014137221684236981,2022-07-28
100,100,0.1,5,32,128,0.01,0.5,0,lenet5,5,3,cifar10,2,20,True,20.0,70,0.0001,50,1,ours,73.225,"[0.006443444024301893, 0.01474913126574147, 0.017877794038200466, 0.009816460407572183, 0.004741350270748002]",-0.004144862094590959,2022-07-28
450,100,0.1,5,32,128,0.01,0.5,0,lenet5,5,3,cifar10,2,20,True,20.0,70,0.0001,50,1,sub_fedavg,73.79063,"[0.01879504126032655, 0.014824103173572823, 0.0174684897218736, 0.01841787840874171, 0.01639145389449431]",0.015241927294586559,2022-07-28
150,100,0.1,5,32,128,0.01,0.5,0,lenet5,5,3,cifar10,2,20,True,20.0,70,0.0001,50,1,ours,73.20937,"[0.0035148292616481902, 0.009099216425992358, 0.005485230397648065, 0.0035751331282217907, 0.0019812490648750077]",-0.000607180748684605,2022-07-28
500,100,0.1,5,32,128,0.01,0.5,0,lenet5,5,3,cifar10,2,20,True,20.0,70,0.0001,50,1,sub_fedavg,73.81625,"[0.018795628459387034, 0.01482430071146059, 0.017468503402858913, 0.018417930753030817, 0.016391785734547405]",0.015238634173823744,2022-07-28
550,100,0.1,5,32,128,0.01,0.5,0,lenet5,5,3,cifar10,2,20,True,20.0,70,0.0001,50,1,sub_fedavg,73.679375,"[0.018205884869643443, 0.014913639621672598, 0.017337676330612083, 0.017974266691834252, 0.016182138239185625]",0.013799554212271399,2022-07-28
200,100,0.1,5,32,128,0.01,0.5,0,lenet5,5,3,cifar10,2,20,True,20.0,70,0.0001,50,1,ours,73.194374,"[0.0037634801014155084, 0.010555835543910475, 0.005723095610375007, 0.003814688180728591, 0.0019488144569752483]",-0.0014673260169124796,2022-07-28
600,100,0.1,5,32,128,0.01,0.5,0,lenet5,5,3,cifar10,2,20,True,20.0,70,0.0001,50,1,sub_fedavg,73.7525,"[0.018211379375137948, 0.015192020193765305, 0.017355499799880637, 0.017932145596664874, 0.01614970245118221]",0.013290080508184874,2022-07-28
250,100,0.1,5,32,128,0.01,0.5,0,lenet5,5,3,cifar10,2,20,True,20.0,70,0.0001,50,1,ours,73.43188,"[0.003675930857598548, 0.010717617393861989, 0.005632149007645336, 0.0037941899593926503, 0.0020016861999449472]",-0.001451668612492092,2022-07-28
650,100,0.1,5,32,128,0.01,0.5,0,lenet5,5,3,cifar10,2,20,True,20.0,70,0.0001,50,1,sub_fedavg,73.72312,"[0.018211379375137948, 0.015192020193765305, 0.017355499799880637, 0.017932145596664874, 0.01614970245118221]",0.013290080508184874,2022-07-28
300,100,0.1,5,32,128,0.01,0.5,0,lenet5,5,3,cifar10,2,20,True,20.0,70,0.0001,50,1,ours,74.05813,"[0.004609545874418418, 0.011761278137987665, 0.007161758172904222, 0.004413691467428391, 0.002579900194918181]",-0.00044872449272245334,2022-07-28
700,100,0.1,5,32,128,0.01,0.5,0,lenet5,5,3,cifar10,2,20,True,20.0,70,0.0001,50,1,sub_fedavg,73.70875,"[0.018211379375137948, 0.015192020193765305, 0.017355499799880637, 0.017932145596664874, 0.01614970245118221]",0.013290080508184874,2022-07-28
350,100,0.1,5,32,128,0.01,0.5,0,lenet5,5,3,cifar10,2,20,True,20.0,70,0.0001,50,1,ours,74.27062,"[0.004070411028686745, 0.011132121766497163, 0.005857885505746088, 0.004140358961169644, 0.002250417471129755]",-0.001390988648511477,2022-07-28
750,100,0.1,5,32,128,0.01,0.5,0,lenet5,5,3,cifar10,2,20,True,20.0,70,0.0001,50,1,sub_fedavg,73.66125,"[0.018211379375137948, 0.015192020193765305, 0.017355499799880637, 0.017932145596664874, 0.01614970245118221]",0.013290080508184874,2022-07-28
400,100,0.1,5,32,128,0.01,0.5,0,lenet5,5,3,cifar10,2,20,True,20.0,70,0.0001,50,1,ours,74.04125,"[0.003993794160238342, 0.011084444794773385, 0.005801589591639678, 0.004107673504018806, 0.002467681620882353]",-0.0015914185649532862,2022-07-28
800,100,0.1,5,32,128,0.01,0.5,0,lenet5,5,3,cifar10,2,20,True,20.0,70,0.0001,50,1,sub_fedavg,73.665,"[0.018211379375137948, 0.015192020193765305, 0.017355499799880637, 0.017932145596664874, 0.01614970245118221]",0.013290080508184874,2022-07-28
450,100,0.1,5,32,128,0.01,0.5,0,lenet5,5,3,cifar10,2,20,True,20.0,70,0.0001,50,1,ours,74.19688,"[0.004120953471443177, 0.011020042175998345, 0.0057379246705920595, 0.004121365070734612, 0.00237310952782811]",-0.002512799294387789,2022-07-28
850,100,0.1,5,32,128,0.01,0.5,0,lenet5,5,3,cifar10,2,20,True,20.0,70,0.0001,50,1,sub_fedavg,73.64375,"[0.018211379375137948, 0.015192020193765305, 0.017355499799880637, 0.017932145596664874, 0.01614970245118221]",0.013290080508184874,2022-07-28
500,100,0.1,5,32,128,0.01,0.5,0,lenet5,5,3,cifar10,2,20,True,20.0,70,0.0001,50,1,ours,73.7525,"[0.004883320253263792, 0.011960257962825016, 0.006492401412684902, 0.004458877879591373, 0.0027936821281289007]",-0.0027027380607871927,2022-07-28
900,100,0.1,5,32,128,0.01,0.5,0,lenet5,5,3,cifar10,2,20,True,20.0,70,0.0001,50,1,sub_fedavg,73.686874,"[0.018211379375137948, 0.015192020193765305, 0.017355499799880637, 0.017932145596664874, 0.01614970245118221]",0.013290080508184874,2022-07-28
550,100,0.1,5,32,128,0.01,0.5,0,lenet5,5,3,cifar10,2,20,True,20.0,70,0.0001,50,1,ours,74.995,"[0.004944508502859327, 0.011288628381951875, 0.005797334788111885, 0.0041409494241174466, 0.002822339726321633]",-0.0015234919470979227,2022-07-28
950,100,0.1,5,32,128,0.01,0.5,0,lenet5,5,3,cifar10,2,20,True,20.0,70,0.0001,50,1,sub_fedavg,73.6725,"[0.018211379375137948, 0.015192020193765305, 0.017355499799880637, 0.017932145596664874, 0.01614970245118221]",0.013290080508184874,2022-07-28
600,100,0.1,5,32,128,0.01,0.5,0,lenet5,5,3,cifar10,2,20,True,20.0,70,0.0001,50,1,ours,74.50375,"[0.005038059394073483, 0.011649181187164974, 0.0059378823336206765, 0.004241073546540717, 0.002668443425847227]",-0.0016150542447185199,2022-07-28
650,100,0.1,5,32,128,0.01,0.5,0,lenet5,5,3,cifar10,2,20,True,20.0,70,0.0001,50,1,ours,75.226875,"[0.005252168053939013, 0.011608585592520546, 0.005865512493558823, 0.00425597771530898, 0.0022633809440738735]",0.0017953738237717184,2022-07-28
700,100,0.1,5,32,128,0.01,0.5,0,lenet5,5,3,cifar10,2,20,True,20.0,70,0.0001,50,1,ours,74.77875,"[0.005656550984321601, 0.011878188199417748, 0.005723450760122443, 0.0041281917991446175, 0.0024633309673260835]",0.0007600886308052879,2022-07-28
750,100,0.1,5,32,128,0.01,0.5,0,lenet5,5,3,cifar10,2,20,True,20.0,70,0.0001,50,1,ours,74.99062,"[0.0059279963231413345, 0.012269348204568103, 0.006081119569484952, 0.004299055460287285, 0.0026083111189030843]",0.001170963500344389,2022-07-28
800,100,0.1,5,32,128,0.01,0.5,0,lenet5,5,3,cifar10,2,20,True,20.0,70,0.0001,50,1,ours,75.25625,"[0.006600858612183676, 0.015506674750641571, 0.008906998274874362, 0.005354556811919543, 0.003229837876227759]",0.0038000840195351855,2022-07-28
850,100,0.1,5,32,128,0.01,0.5,0,lenet5,5,3,cifar10,2,20,True,20.0,70,0.0001,50,1,ours,74.95563,"[0.007441984292838865, 0.01663584694578899, 0.010759326080270753, 0.006075755484230936, 0.004154268051288533]",0.005874125338842117,2022-07-28
900,100,0.1,5,32,128,0.01,0.5,0,lenet5,5,3,cifar10,2,20,True,20.0,70,0.0001,50,1,ours,74.94063,"[0.008107561407915109, 0.0175620524687982, 0.01206292342916135, 0.006401417469606679, 0.004517958903101768]",0.007334587621232934,2022-07-28
0,100,0.1,5,32,128,0.01,0.5,0,lenet5,5,3,cifar10,2,20,True,20.0,70,0.0001,50,1,ours,13.063125,"[0.0, 0.0, 0.0, 0.0, 0.0]",0.010748051618084429,2022-07-28
950,100,0.1,5,32,128,0.01,0.5,0,lenet5,5,3,cifar10,2,20,True,20.0,70,0.0001,50,1,ours,75.08375,"[0.008108954448834053, 0.017469879920836505, 0.012291154150249017, 0.006385815131445371, 0.0043761588431596565]",0.007756718170249395,2022-07-28
50,100,0.1,5,32,128,0.01,0.5,0,lenet5,5,3,cifar10,2,20,True,20.0,70,0.0001,50,1,ours,69.83312,"[0.010087012117478079, 0.017449002547658042, 0.019559373599471602, 0.009866173791773413, 0.005193942681722436]",0.009021812430878668,2022-07-28
100,100,0.1,5,32,128,0.01,0.5,0,lenet5,5,3,cifar10,2,20,True,20.0,70,0.0001,50,1,ours,72.88875,"[0.016414861967927047, 0.03242980262201031, 0.03931549350408045, 0.021062514970921473, 0.010606286187291637]",-0.0021096390867166043,2022-07-28
150,100,0.1,5,32,128,0.01,0.5,0,lenet5,5,3,cifar10,2,20,True,20.0,70,0.0001,50,1,ours,73.22063,"[0.006983462273838883, 0.018475697974823544, 0.009872461176948998, 0.005509522461213814, 0.004277020256043993]",0.002222134751466648,2022-07-28
200,100,0.1,5,32,128,0.01,0.5,0,lenet5,5,3,cifar10,2,20,True,20.0,70,0.0001,50,1,ours,73.32375,"[0.00914597848645083, 0.025195193469618227, 0.011353368421940608, 0.007099187246988517, 0.004984552378886751]",-0.004698255945754468,2022-07-28
250,100,0.1,5,32,128,0.01,0.5,0,lenet5,5,3,cifar10,2,20,True,20.0,70,0.0001,50,1,ours,73.9425,"[0.011014766422285372, 0.025984892041217598, 0.012750951905684937, 0.0077865218653429755, 0.005591022018836264]",-0.00583004318398447,2022-07-28
300,100,0.1,5,32,128,0.01,0.5,0,lenet5,5,3,cifar10,2,20,True,20.0,70,0.0001,50,1,ours,74.43,"[0.013000325224339295, 0.03260853478303542, 0.013250184528227687, 0.008671752341784937, 0.006061968006111395]",-0.004633240341238383,2022-07-28
350,100,0.1,5,32,128,0.01,0.5,0,lenet5,5,3,cifar10,2,20,True,20.0,70,0.0001,50,1,ours,75.1225,"[0.01337587821651452, 0.034428928306498845, 0.012126588597483647, 0.008693499368220637, 0.006691766995858033]",0.008115227249093413,2022-07-28
400,100,0.1,5,32,128,0.01,0.5,0,lenet5,5,3,cifar10,2,20,True,20.0,70,0.0001,50,1,ours,75.17687,"[0.012359687841703944, 0.03700958953084114, 0.013296885915431982, 0.009430418002682584, 0.006975648876087906]",0.012335379690179818,2022-07-28
450,100,0.1,5,32,128,0.01,0.5,0,lenet5,5,3,cifar10,2,20,True,20.0,70,0.0001,50,1,ours,75.32938,"[0.014096764037319819, 0.039100092470050404, 0.013578294620900665, 0.009569157723411308, 0.0069702679643520145]",0.017688108900766834,2022-07-28
0,20,0.5,5,32,128,0.01,0.5,0,lenet5,5,3,cifar10,2,20,True,20.0,70,0.0001,50,1,ours,31.5125,"[0.0, 0.0, 0.0, 0.0, 0.0]",-0.023584897519924847,2022-07-29
50,20,0.5,5,32,128,0.01,0.5,0,lenet5,5,3,cifar10,2,20,True,20.0,70,0.0001,50,1,ours,70.77812,"[0.012432903548090863, 0.026632255720939448, 0.00900145670620927, 0.0066584392850712135, 0.009689237136062184]",0.11690695321324118,2022-07-29
500,100,0.1,5,32,128,0.01,0.5,0,lenet5,5,3,cifar10,2,20,True,20.0,70,0.0001,50,1,ours,74.69688,"[0.013909821478781823, 0.03821587143471088, 0.01345486788323581, 0.009662580767724572, 0.006715486961868617]",0.02110327770387991,2022-07-28
100,20,0.5,5,32,128,0.01,0.5,0,lenet5,5,3,cifar10,2,20,True,20.0,70,0.0001,50,1,ours,73.9625,"[0.011682201384219645, 0.031170431759700346, 0.0225193472101566, 0.01191796994173515, 0.008483005522006348]",0.06265400960442286,2022-07-29
150,20,0.5,5,32,128,0.01,0.5,0,lenet5,5,3,cifar10,2,20,True,20.0,70,0.0001,50,1,ours,72.93125,"[0.0064324869055339936, 0.015588644190752832, 0.007593660564587332, 0.005667823012310413, 0.006083191671666334]",0.1083504819340152,2022-07-29
0,20,0.5,5,32,128,0.01,0.5,0,lenet5,5,3,cifar10,2,20,True,20.0,70,0.0001,50,1,ours,33.196877,"[0.0, 0.0, 0.0, 0.0, 0.0]",0.041849951853681344,2022-07-29
550,100,0.1,5,32,128,0.01,0.5,0,lenet5,5,3,cifar10,2,20,True,20.0,70,0.0001,50,1,ours,74.70875,"[0.01455697543640387, 0.03860190029645278, 0.013483904551347198, 0.00971803046043218, 0.006946336204377017]",0.02337157967572018,2022-07-28
50,20,0.5,5,32,128,0.01,0.5,0,lenet5,5,3,cifar10,2,20,True,20.0,70,0.0001,50,1,ours,70.24375,"[0.009892598070202438, 0.01945214710636757, 0.00804791580823545, 0.005659777583312833, 0.008079625247920146]",0.040906511593009794,2022-07-29
100,20,0.5,5,32,128,0.01,0.5,0,lenet5,5,3,cifar10,2,20,True,20.0,70,0.0001,50,1,ours,71.515625,"[0.01177744065869058, 0.03578097647779177, 0.02285599055005983, 0.013935451873815044, 0.009973505589629708]",-0.04749601416292547,2022-07-29
600,100,0.1,5,32,128,0.01,0.5,0,lenet5,5,3,cifar10,2,20,True,20.0,70,0.0001,50,1,ours,74.5075,"[0.01418744067572054, 0.037713848154075295, 0.014806402353765964, 0.010217234246009475, 0.007550768991829435]",0.01666374822617358,2022-07-28
150,20,0.5,5,32,128,0.01,0.5,0,lenet5,5,3,cifar10,2,20,True,20.0,70,0.0001,50,1,ours,72.7125,"[0.007934441063507736, 0.021992406659078423, 0.007827872977176934, 0.007739578502769784, 0.00735107319690223]",0.13138181549786607,2022-07-29
0,20,0.5,5,32,128,0.01,0.5,0,lenet5,5,3,cifar10,2,20,True,20.0,70,0.0001,50,1,ours,30.725,"[0.0, 0.0, 0.0, 0.0, 0.0]",0.0005338977753877962,2022-07-29
650,100,0.1,5,32,128,0.01,0.5,0,lenet5,5,3,cifar10,2,20,True,20.0,70,0.0001,50,1,ours,74.90813,"[0.013885561366964323, 0.03758258906244258, 0.013904377755302849, 0.00998932586763919, 0.007499928000257536]",0.02717964283106256,2022-07-28
50,20,0.5,5,32,128,0.01,0.5,0,lenet5,5,3,cifar10,2,20,True,20.0,70,0.0001,50,1,ours,72.68125,"[0.014021772303203173, 0.030474137964377885, 0.01380595554304544, 0.010874518236619442, 0.011557704687937676]",0.18685991808138142,2022-07-29
100,20,0.5,5,32,128,0.01,0.5,0,lenet5,5,3,cifar10,2,20,True,20.0,70,0.0001,50,1,ours,72.34688,"[0.03308345948960693, 0.06814070232098282, 0.05551255252152367, 0.028038699502348996, 0.01901456989095893]",0.08925591299531337,2022-07-29
700,100,0.1,5,32,128,0.01,0.5,0,lenet5,5,3,cifar10,2,20,True,20.0,70,0.0001,50,1,ours,74.595,"[0.012270165642451494, 0.037057590678275736, 0.014065484457291246, 0.010161203521528557, 0.008805686212096086]",0.03239520911385461,2022-07-28
150,20,0.5,5,32,128,0.01,0.5,0,lenet5,5,3,cifar10,2,20,True,20.0,70,0.0001,50,1,ours,74.31875,"[0.008136502451175118, 0.034490415015041236, 0.010793745563315697, 0.009719502384799763, 0.011006153650121342]",0.21079272632582885,2022-07-29
0,20,0.5,5,32,128,0.01,0.5,0,lenet5,5,3,cifar10,2,20,True,20.0,70,0.0001,50,1,ours,31.11875,"[0.0, 0.0, 0.0, 0.0, 0.0]",0.0021217138934768523,2022-07-29
0,20,0.5,5,32,128,0.01,0.5,0,lenet5,5,3,cifar10,2,20,True,20.0,70,0.0001,50,1,ours,31.775,"[0.0, 0.0, 0.0, 0.0, 0.0]",-0.02357550737799827,2022-07-29
50,20,0.5,5,32,128,0.01,0.5,0,lenet5,5,3,cifar10,2,20,True,20.0,70,0.0001,50,1,ours,74.25,"[0.012329319321951134, 0.021317675426701356, 0.01122257818598656, 0.007871883610920328, 0.008054017659074245]",-0.01929595688182557,2022-07-29
50,20,0.5,5,32,128,0.01,0.5,0,lenet5,5,3,cifar10,2,20,True,20.0,70,0.0001,50,1,ours,69.97813,"[0.01178148553062303, 0.03001866090504417, 0.009850870614263171, 0.007261250943286504, 0.007811779420508547]",0.03818747175147339,2022-07-29
100,20,0.5,5,32,128,0.01,0.5,0,lenet5,5,3,cifar10,2,20,True,20.0,70,0.0001,50,1,ours,73.74062,"[0.015009218243893157, 0.030363293333236348, 0.013789015101533289, 0.01056420715744411, 0.008345418029040276]",0.009253934891232192,2022-07-29
100,20,0.5,5,32,128,0.01,0.5,0,lenet5,5,3,cifar10,2,20,True,20.0,70,0.0001,50,1,ours,72.3375,"[0.014339962485026999, 0.03828969248201415, 0.012591635541181641, 0.010009899736922723, 0.007518439694888131]",0.002906751264327601,2022-07-29
150,20,0.5,5,32,128,0.01,0.5,0,lenet5,5,3,cifar10,2,20,True,20.0,70,0.0001,50,1,ours,73.296875,"[0.010426736802274105, 0.029489129386452782, 0.010800685185013266, 0.008746047869844944, 0.007770704734272778]",0.12032754077865304,2022-07-29
150,20,0.5,5,32,128,0.01,0.5,0,lenet5,5,3,cifar10,2,20,True,20.0,70,0.0001,50,1,ours,74.09688,"[0.016914366200555895, 0.024693590134131894, 0.010715015365640308, 0.00816104626098855, 0.0092494257741499]",0.013388370465842502,2022-07-29
0,20,0.5,5,32,128,0.01,0.5,0,lenet5,5,3,cifar10,2,20,True,20.0,70,0.0001,50,1,ours,36.803123,"[0.0, 0.0, 0.0, 0.0, 0.0]",-0.006687267498850318,2022-07-29
0,20,1.0,5,32,128,0.01,0.5,0,lenet5,5,3,cifar10,2,20,True,20.0,70,0.0001,50,1,ours,62.7375,"[0.0, 0.0, 0.0, 0.0, 0.0]",0.019453035948459704,2022-07-29
50,20,0.5,5,32,128,0.01,0.5,0,lenet5,5,3,cifar10,2,20,True,20.0,70,0.0001,50,1,ours,72.63438,"[0.01014044022322232, 0.02693981605654731, 0.00828227427896749, 0.008371662953925238, 0.006817014930281776]",0.023521133475184183,2022-07-29
100,20,0.5,5,32,128,0.01,0.5,0,lenet5,5,3,cifar10,2,20,True,20.0,70,0.0001,50,1,ours,71.04063,"[0.020802763878153874, 0.04659765226835885, 0.027337190372146443, 0.017494968284275592, 0.011799439241227823]",0.05241163928972363,2022-07-29
150,20,0.5,5,32,128,0.01,0.5,0,lenet5,5,3,cifar10,2,20,True,20.0,70,0.0001,50,1,ours,73.6625,"[0.011035045702166058, 0.026556598653557938, 0.006851019132777437, 0.0069561609327417895, 0.006211238146437698]",0.07484910907430506,2022-07-29
50,20,1.0,5,32,128,0.01,0.5,0,lenet5,5,3,cifar10,2,20,True,20.0,70,0.0001,50,1,ours,70.54375,"[0.016303078718979454, 0.04021352004449406, 0.011651232360597497, 0.0104088223947932, 0.015684310723785438]",0.17633688413859594,2022-07-29
0,20,0.5,5,32,128,0.01,0.5,0,lenet5,5,3,cifar10,2,20,True,20.0,70,0.0001,50,1,ours,32.659374,"[0.0, 0.0, 0.0, 0.0, 0.0]",0.06890132860107918,2022-07-29
0,10,1.0,5,32,128,0.01,0.5,0,lenet5,5,3,cifar10,2,20,True,20.0,70,0.0001,50,1,ours,61.4625,"[0.0, 0.0, 0.0, 0.0, 0.0]",-0.08794246689815167,2022-07-29
50,10,1.0,5,32,128,0.01,0.5,0,lenet5,5,3,cifar10,2,20,True,20.0,70,0.0001,50,1,ours,67.48125,"[0.019035136076743387, 0.04102367928481216, 0.01814032198659747, 0.013124454106975228, 0.015065255205402648]",-0.058835941808017336,2022-07-29
0,10,1.0,5,32,128,0.01,0.5,0,lenet5,5,3,cifar10,2,20,True,20.0,70,0.0001,50,1,ours,57.7625,"[0.0, 0.0, 0.0, 0.0, 0.0]",-0.08716163568200883,2022-07-29
50,10,1.0,5,32,128,0.01,0.5,0,lenet5,5,3,cifar10,2,20,True,20.0,70,0.0001,50,1,ours,69.875,"[0.028686136887772273, 0.03929494631469612, 0.018084764120439932, 0.01227670567093101, 0.01119961859895074]",0.44295244880787,2022-07-29
0,10,1.0,5,32,128,0.01,0.5,0,lenet5,5,3,cifar10,2,20,True,20.0,70,0.0001,50,1,sub_fedavg,51.2,"[0.0, 0.0, 0.0, 0.0, 0.0]",0.03563718287446515,2022-07-29
50,10,1.0,5,32,128,0.01,0.5,0,lenet5,5,3,cifar10,2,20,True,20.0,70,0.0001,50,1,sub_fedavg,68.64375,"[0.01076923076923077, 0.01659634317862166, 0.004684873949579832, 0.005540720961281708, 0.013877551020408163]",0.05782390710917241,2022-07-29
0,20,0.5,5,32,128,0.01,0.5,0,lenet5,5,3,cifar10,2,20,True,20.0,70,0.0001,50,1,ours,36.409374,"[0.0, 0.0, 0.0, 0.0, 0.0]",0.01762263608270083,2022-07-29
50,20,0.5,5,32,128,0.01,0.5,0,lenet5,5,3,cifar10,2,20,True,20.0,70,0.0001,50,1,ours,72.56875,"[0.01431543852091809, 0.019935536240410764, 0.0074094045248185, 0.0051058478357648585, 0.005913649400658303]",0.06879644170809027,2022-07-29
100,20,0.5,5,32,128,0.01,0.5,0,lenet5,5,3,cifar10,2,20,True,20.0,70,0.0001,50,1,ours,73.19063,"[0.014575707844091507, 0.030048498191793165, 0.01920727231051639, 0.010883411486458782, 0.009977414788402302]",0.06698500496503149,2022-07-29
150,20,0.5,5,32,128,0.01,0.5,0,lenet5,5,3,cifar10,2,20,True,20.0,70,0.0001,50,1,ours,73.59375,"[0.010384023269985132, 0.01695202022606722, 0.008967473063105458, 0.007067946091130151, 0.006873267368104135]",0.11237884083504592,2022-07-29
0,20,0.5,5,32,128,0.01,0.5,0,lenet5,5,3,cifar10,2,20,True,20.0,70,0.0001,50,1,ours,34.471874,"[0.0, 0.0, 0.0, 0.0, 0.0]",-0.012410927354077223,2022-07-29
50,20,0.5,5,32,128,0.01,0.5,0,lenet5,5,3,cifar10,2,20,True,20.0,70,0.0001,50,1,ours,71.81875,"[0.008547505758861814, 0.015543313508927788, 0.004156723217458131, 0.0037515125769513576, 0.007432934593382597]",0.172129048828782,2022-07-29
100,20,0.5,5,32,128,0.01,0.5,0,lenet5,5,3,cifar10,2,20,True,20.0,70,0.0001,50,1,ours,73.51875,"[0.0, 0.0, 0.0, 0.0, 0.0]",0.13922409712688003,2022-07-29
150,20,0.5,5,32,128,0.01,0.5,0,lenet5,5,3,cifar10,2,20,True,20.0,70,0.0001,50,1,ours,73.8375,"[0.0, 0.0, 0.0, 0.0, 0.0]",0.2518880493512548,2022-07-29
0,20,0.5,5,32,128,0.01,0.5,0,lenet5,5,3,cifar10,2,20,True,20.0,70,0.0001,50,1,ours,33.134377,"[0.0, 0.0, 0.0, 0.0, 0.0]",-0.06099261813241,2022-07-29
0,20,0.5,5,32,128,0.01,0.5,0,lenet5,5,3,cifar10,2,20,True,20.0,70,0.0001,50,1,ours,37.253124,"[0.0, 0.0, 0.0, 0.0, 0.0]",-0.024525492358288884,2022-07-29
50,20,0.5,5,32,128,0.01,0.5,0,lenet5,5,3,cifar10,2,20,True,20.0,70,0.0001,50,1,ours,72.3125,"[0.0004405371836671324, 0.00047892873306178954, 0.0005202616208514291, 0.00028127033783318175, 0.00046312199700328135]",0.15812095031519507,2022-07-29
50,20,0.5,5,32,128,0.01,0.5,0,lenet5,5,3,cifar10,2,20,True,20.0,70,0.0001,50,1,ours,72.35625,"[0.006321989455942684, 0.019657222927320632, 0.004263967959578672, 0.00428566344522674, 0.009001606888675132]",0.1493319855749642,2022-07-29
100,20,0.5,5,32,128,0.01,0.5,0,lenet5,5,3,cifar10,2,20,True,20.0,70,0.0001,50,1,ours,72.71562,"[0.0, 0.0, 0.0, 0.0, 0.0]",0.28008443833497626,2022-07-29
100,20,0.5,5,32,128,0.01,0.5,0,lenet5,5,3,cifar10,2,20,True,20.0,70,0.0001,50,1,ours,73.16563,"[0.00043859649122807013, 0.0007401928555774709, 0.0019900497636543223, 0.0013405098137639717, 0.0011235994459153794]",0.15957587213165111,2022-07-29
150,20,0.5,5,32,128,0.01,0.5,0,lenet5,5,3,cifar10,2,20,True,20.0,70,0.0001,50,1,ours,75.40625,"[0.0, 0.0, 0.0, 0.0, 0.0]",0.2613533294963152,2022-07-29
150,20,0.5,5,32,128,0.01,0.5,0,lenet5,5,3,cifar10,2,20,True,20.0,70,0.0001,50,1,ours,74.140625,"[0.0, 0.0, 0.0, 0.0, 0.0]",0.21804745545499554,2022-07-29
0,15,0.7,5,32,128,0.01,0.5,0,lenet5,5,3,cifar10,2,20,True,20.0,70,0.0001,50,1,sub_fedavg,43.6875,"[0.0, 0.0, 0.0, 0.0, 0.0]",-0.04564073313623571,2022-07-29,20,0.1,0.5,0.8,1
0,15,0.7,5,32,128,0.01,0.5,0,lenet5,5,3,cifar10,2,20,True,20.0,70,0.0001,50,1,ours,41.458332,"[0.0, 0.0, 0.0, 0.0, 0.0]",0.03766442562446062,2022-07-29,20,0.1,0.5,0.8,1
50,15,0.7,5,32,128,0.01,0.5,0,lenet5,5,3,cifar10,2,20,True,20.0,70,0.0001,50,1,sub_fedavg,68.3125,"[0.007692307692307693, 0.009563994374120957, 0.0028057889822595697, 0.0026924788607031597, 0.012244897959183675]",-0.0931939101720318,2022-07-29,20,0.1,0.5,0.8,1
100,15,0.7,5,32,128,0.01,0.5,0,lenet5,5,3,cifar10,2,20,True,20.0,70,0.0001,50,1,sub_fedavg,71.275,"[0.007692307692307693, 0.009563994374120957, 0.0028057889822595697, 0.0026924788607031597, 0.012244897959183675]",-0.0931939101720318,2022-07-29,20,0.1,0.5,0.8,1
50,15,0.7,5,32,128,0.01,0.5,0,lenet5,5,3,cifar10,2,20,True,20.0,70,0.0001,50,1,ours,70.84167,"[0.010819317503398923, 0.022073868249447955, 0.00967969932167766, 0.007139821675777313, 0.005574577130697016]",0.06310948858901078,2022-07-29,20,0.1,0.5,0.8,1
100,15,0.7,5,32,128,0.01,0.5,0,lenet5,5,3,cifar10,2,20,True,20.0,70,0.0001,50,1,ours,71.4375,"[0.005928013712553163, 0.013687402566826377, 0.009397867843955339, 0.005103296999419296, 0.004330144382844683]",0.07586829872306151,2022-07-29,20,0.1,0.5,0.8,1
0,15,0.7,5,32,128,0.01,0.5,0,lenet5,5,3,cifar10,2,20,True,20.0,70,0.0001,50,1,ours,44.0125,"[0.0, 0.0, 0.0, 0.0, 0.0]",-0.04569963255293395,2022-07-29,20,0.2,0.5,0.8,1
50,15,0.7,5,32,128,0.01,0.5,0,lenet5,5,3,cifar10,2,20,True,20.0,70,0.0001,50,1,ours,70.566666,"[0.016402587521599128, 0.024034220629092544, 0.013596668345081876, 0.009035646012482058, 0.007805646154783022]",0.07021240329482148,2022-07-29,20,0.2,0.5,0.8,1
100,15,0.7,5,32,128,0.01,0.5,0,lenet5,5,3,cifar10,2,20,True,20.0,70,0.0001,50,1,ours,72.816666,"[0.012545554439527016, 0.027022293902814406, 0.01691004948649213, 0.010909241487027342, 0.00953581465109099]",0.09019910535263893,2022-07-29,20,0.2,0.5,0.8,1
0,15,0.7,5,32,128,0.01,0.5,0,lenet5,5,3,cifar10,2,20,True,20.0,70,0.0001,50,1,ours,42.35,"[0.0, 0.0, 0.0, 0.0, 0.0]",0.027642095603584473,2022-07-29,10,0.1,0.5,0.8,1
50,15,0.7,5,32,128,0.01,0.5,0,lenet5,5,3,cifar10,2,20,True,20.0,70,0.0001,50,1,ours,69.23333,"[0.01092142630884275, 0.02772045397199584, 0.023258072664669376, 0.010911522580120557, 0.007638000808658743]",0.057021696800739034,2022-07-29,10,0.1,0.5,0.8,1
100,15,0.7,5,32,128,0.01,0.5,0,lenet5,5,3,cifar10,2,20,True,20.0,70,0.0001,50,1,ours,73.65833,"[0.005229722178026499, 0.012934842751639341, 0.007331867265149325, 0.004787386164564988, 0.003684007527555352]",0.1459022744782626,2022-07-29,10,0.1,0.5,0.8,1
0,10,1.0,5,32,128,0.01,0.5,0,lenet5,5,3,cifar10,2,20,True,20.0,70,0.0001,50,1,sub_fedavg,56.20625,"[0.0, 0.0, 0.0, 0.0, 0.0]",0.01857776901280193,2022-07-30,20,0.1,0.5,0.8,1
0,10,1.0,5,32,128,0.01,0.5,0,lenet5,5,3,cifar10,2,20,True,20.0,70,0.0001,50,1,ours,50.8375,"[0.030666666666666665, 0.041749999999999995, 0.041025, 0.024484126984126983, 0.011904761904761904]",-0.10581060149372039,2022-07-30,20,0.1,0.5,0.8,1
50,10,1.0,5,32,128,0.01,0.5,0,lenet5,5,3,cifar10,2,20,True,20.0,70,0.0001,50,1,sub_fedavg,67.41875,"[0.015, 0.017522500736589893, 0.005491321166910098, 0.004725321202881638, 0.016695895088073252]",0.12979794833647382,2022-07-30,20,0.1,0.5,0.8,1
50,10,1.0,5,32,128,0.01,0.5,0,lenet5,5,3,cifar10,2,20,True,20.0,70,0.0001,50,1,ours,62.98125,"[0.022221860483057534, 0.03284613957668161, 0.01619009813489609, 0.01050645020740007, 0.01001311122858362]",0.04071576720622572,2022-07-30,20,0.1,0.5,0.8,1
0,10,1.0,5,32,128,0.01,0.5,0,lenet5,5,3,cifar10,2,20,True,20.0,70,0.0001,50,1,sub_fedavg,51.49375,"[0.0, 0.0, 0.0, 0.0, 0.0]",-0.04998316442954785,2022-07-30,20,0.1,0.5,0.8,1
0,10,1.0,5,32,128,0.01,0.5,0,lenet5,5,3,cifar10,2,20,True,20.0,70,0.0001,50,1,ours,59.69375,"[0.0, 0.0, 0.0, 0.0, 0.0]",-0.07366542314864688,2022-07-30,20,0.1,0.5,0.8,1
50,10,1.0,5,32,128,0.01,0.5,0,lenet5,5,3,cifar10,2,20,True,20.0,70,0.0001,50,1,sub_fedavg,72.78125,"[0.014615384615384617, 0.016174402250351615, 0.0034383753501400563, 0.0033711615487316423, 0.01387755102040816]",0.3141626822996822,2022-07-30,20,0.1,0.5,0.8,1
50,10,1.0,5,32,128,0.01,0.5,0,lenet5,5,3,cifar10,2,20,True,20.0,70,0.0001,50,1,ours,72.525,"[0.014885249962565239, 0.01964295491645055, 0.012205594989899926, 0.008322919083856292, 0.006088901338965004]",0.15917383628394458,2022-07-30,20,0.1,0.5,0.8,1
0,10,1.0,5,32,128,0.01,0.5,0,lenet5,5,3,cifar10,2,20,True,20.0,70,0.0001,50,1,sub_fedavg,54.6125,"[0.0, 0.0, 0.0, 0.0, 0.0]",-0.08312330503626672,2022-07-30,20,0.1,0.5,0.8,1
50,10,1.0,5,32,128,0.01,0.5,0,lenet5,5,3,cifar10,2,20,True,20.0,70,0.0001,50,1,sub_fedavg,71.75,"[0.016153846153846154, 0.015471167369901551, 0.0038865546218487396, 0.004205607476635514, 0.01183673469387755]",0.26330798122863414,2022-07-30,20,0.1,0.5,0.8,1
0,10,1.0,10,32,128,0.01,0.5,0,lenet5,5,3,cifar10,2,20,True,20.0,70,0.0001,50,1,sub_fedavg,64.08125,"[0.036, 0.034, 0.0379875, 0.03724206349206349, 0.032857142857142856]",-0.15782894285274396,2022-07-30,20,0.1,0.5,0.8,1
0,10,1.0,10,32,128,0.01,0.5,0,lenet5,5,3,cifar10,2,20,True,20.0,70,0.0001,50,1,ours,65.08125,"[0.0, 0.0, 0.0, 0.0, 0.0]",0.007421338899540613,2022-07-30,20,0.1,0.5,0.8,1
50,10,1.0,10,32,128,0.01,0.5,0,lenet5,5,3,cifar10,2,20,True,20.0,70,0.0001,50,1,sub_fedavg,68.65625,"[0.018461538461538463, 0.01476793248945148, 0.003949579831932773, 0.003938584779706275, 0.007346938775510204]",-0.14879805636018922,2022-07-30,20,0.1,0.5,0.8,1
50,10,1.0,10,32,128,0.01,0.5,0,lenet5,5,3,cifar10,2,20,True,20.0,70,0.0001,50,1,ours,69.98125,"[0.01275544665693341, 0.030554362823587637, 0.012629164181659203, 0.007610900082248695, 0.00853064040587479]",-0.19450797210154325,2022-07-30,20,0.1,0.5,0.8,1
0,10,1.0,10,32,128,0.01,0.5,0,lenet5,5,3,cifar10,2,20,True,20.0,70,0.0001,50,1,ours,59.7875,"[0.0, 0.0, 0.0, 0.0, 0.0]",0.017106369530456012,2022-07-30,20,0.2,0.5,0.8,1
50,10,1.0,10,32,128,0.01,0.5,0,lenet5,5,3,cifar10,2,20,True,20.0,70,0.0001,50,1,ours,69.3,"[0.020218276167173505, 0.041564221665860025, 0.009558056232040235, 0.008178616516813264, 0.009831063985688332]",0.17710369471745108,2022-07-30,20,0.2,0.5,0.8,1
0,10,1.0,10,32,128,0.01,0.5,0,lenet5,5,3,cifar10,2,20,True,20.0,70,0.0001,50,1,ours,67.0125,"[0.0, 0.0, 0.0, 0.0, 0.0]",0.11037539747670788,2022-07-30,10,0.1,0.5,0.8,1
50,10,1.0,10,32,128,0.01,0.5,0,lenet5,5,3,cifar10,2,20,True,20.0,70,0.0001,50,1,ours,64.95,"[0.014626545693966774, 0.01990811233238299, 0.01424497574997779, 0.007091729375718711, 0.004942492327216538]",-0.14732076707359404,2022-07-30,10,0.1,0.5,0.8,1
0,10,1.0,10,32,128,0.01,0.5,0,lenet5,5,3,cifar10,2,20,True,20.0,70,0.0001,50,2,sub_fedavg,54.65,"[0.0, 0.0, 0.0, 0.0, 0.0]",-0.09701456972695152,2022-07-30,10,0.1,0.5,0.8,1
0,10,1.0,10,32,128,0.01,0.5,0,lenet5,5,3,cifar10,2,20,True,20.0,70,0.0001,50,3,sub_fedavg,57.88125,"[0.0, 0.0, 0.0, 0.0, 0.0]",0.0669997329721079,2022-07-30,10,0.1,0.5,0.8,1
0,10,1.0,10,32,128,0.01,0.5,0,lenet5,5,3,cifar10,2,20,True,20.0,70,0.0001,50,2,ours,54.83125,"[0.0, 0.0, 0.0, 0.0, 0.0]",-0.07259430814125221,2022-07-30,10,0.1,0.5,0.8,1
0,10,1.0,10,32,128,0.01,0.5,0,lenet5,5,3,cifar10,2,20,True,20.0,70,0.0001,50,3,ours,54.19375,"[0.022666666666666665, 0.03833333333333334, 0.04000416666666667, 0.025277777777777777, 0.01523809523809524]",0.3034388345634116,2022-07-30,10,0.1,0.5,0.8,1
50,10,1.0,10,32,128,0.01,0.5,0,lenet5,5,3,cifar10,2,20,True,20.0,70,0.0001,50,2,sub_fedavg,66.775,"[0.015384615384615385, 0.02025316455696203, 0.005469187675070029, 0.005507343124165554, 0.008979591836734694]",-0.11874435469211717,2022-07-30,10,0.1,0.5,0.8,1
50,10,1.0,10,32,128,0.01,0.5,0,lenet5,5,3,cifar10,2,20,True,20.0,70,0.0001,50,3,sub_fedavg,70.0,"[0.0748494983277592, 0.060753199461215636, 0.07642548034838935, 0.07824927844113795, 0.07004709576138148]",-0.11398049125453737,2022-07-30,10,0.1,0.5,0.8,1
50,10,1.0,10,32,128,0.01,0.5,0,lenet5,5,3,cifar10,2,20,True,20.0,70,0.0001,50,2,ours,67.58125,"[0.022160918587372014, 0.04721900153410423, 0.030261514171854305, 0.015291340571871245, 0.009389953582491627]",-0.027057095322644678,2022-07-30,10,0.1,0.5,0.8,1
50,10,1.0,10,32,128,0.01,0.5,0,lenet5,5,3,cifar10,2,20,True,20.0,70,0.0001,50,3,ours,70.1,"[0.004193391893486451, 0.01658311815590499, 0.011608768729803126, 0.006318058442997723, 0.004753597725925825]",-0.2723537609417583,2022-07-30,10,0.1,0.5,0.8,1
0,10,1.0,10,32,128,0.01,0.5,0,lenet5,5,3,cifar10,2,20,True,20.0,70,0.0001,50,1,ours,59.3375,"[0.0, 0.0, 0.0, 0.0, 0.0]",0.015427479118081336,2022-07-30,20,0.2,0.5,0.8,1
0,10,1.0,10,32,128,0.01,0.5,0,lenet5,5,3,cifar10,2,20,True,20.0,70,0.0001,50,2,ours,50.8375,"[0.0, 0.0, 0.0, 0.0, 0.0]",-0.05442832549964558,2022-07-30,20,0.2,0.5,0.8,1
0,10,1.0,10,32,128,0.01,0.5,0,lenet5,5,3,cifar10,2,20,True,20.0,70,0.0001,50,3,ours,65.14375,"[0.019555555555555555, 0.03666666666666667, 0.03994166666666667, 0.025654761904761902, 0.01523809523809524]",-0.005858460446974048,2022-07-30,20,0.2,0.5,0.8,1
50,10,1.0,10,32,128,0.01,0.5,0,lenet5,5,3,cifar10,2,20,True,20.0,70,0.0001,50,1,ours,69.5875,"[0.013219547882439776, 0.028468666772465772, 0.006654668337166292, 0.0050100243480854295, 0.006771445952368342]",-0.19609967257427088,2022-07-30,20,0.2,0.5,0.8,1
50,10,1.0,10,32,128,0.01,0.5,0,lenet5,5,3,cifar10,2,20,True,20.0,70,0.0001,50,3,ours,70.7125,"[0.019251840911057645, 0.03908833836510105, 0.012445632220320572, 0.00756383541915039, 0.00926499801127022]",0.02661132436956134,2022-07-30,20,0.2,0.5,0.8,1
50,10,1.0,10,32,128,0.01,0.5,0,lenet5,5,3,cifar10,2,20,True,20.0,70,0.0001,50,2,ours,69.19375,"[0.02579195018868872, 0.0473501398318362, 0.017835639884926292, 0.01084744642039365, 0.007020066957622205]",0.2543094365507656,2022-07-30,20,0.2,0.5,0.8,1
0,10,1.0,10,32,128,0.01,0.5,0,lenet5,5,3,cifar10,2,20,True,20.0,70,0.0001,50,1,ours,57.5625,"[0.0, 0.0, 0.0, 0.0, 0.0]",-0.05993946375654844,2022-07-30,20,0.1,0.5,0.8,1
50,10,1.0,10,32,128,0.01,0.5,0,lenet5,5,3,cifar10,2,20,True,20.0,70,0.0001,50,1,ours,68.4,"[0.010716108718003967, 0.016451097113207736, 0.0067954370833175765, 0.0043619986545705754, 0.004487768243765568]",0.12523847647593003,2022-07-30,20,0.1,0.5,0.8,1
0,10,1.0,10,32,128,0.01,0.5,0,lenet5,5,3,cifar10,2,20,True,20.0,70,0.0001,50,1,sub_fedavg,63.96875,"[0.0, 0.0, 0.0, 0.0, 0.0]",0.09278276912113585,2022-07-30,20,0.1,0.5,0.8,1
50,10,1.0,10,32,128,0.01,0.5,0,lenet5,5,3,cifar10,2,20,True,20.0,70,0.0001,50,1,sub_fedavg,68.69375,"[0.03307692307692308, 0.018987341772151896, 0.0037745098039215683, 0.004072096128170895, 0.010612244897959183]",0.11982151238751577,2022-07-30,20,0.1,0.5,0.8,1
0,10,1.0,10,32,128,0.01,0.5,0,lenet5,5,3,cifar10,2,20,True,20.0,70,0.0001,50,2,sub_fedavg,56.63125,"[0.0, 0.0, 0.0, 0.0, 0.0]",-0.026137515446153423,2022-07-30,20,0.1,0.5,0.8,1
0,10,1.0,10,32,128,0.01,0.5,0,lenet5,5,3,cifar10,2,20,True,20.0,70,0.0001,50,3,sub_fedavg,59.38125,"[0.0, 0.0, 0.0, 0.0, 0.0]",0.11088241243713401,2022-07-30,20,0.1,0.5,0.8,1
0,10,1.0,10,32,128,0.01,0.5,0,lenet5,5,3,cifar10,2,20,True,20.0,70,0.0001,50,2,ours,53.25,"[0.0, 0.0, 0.0, 0.0, 0.0]",-0.006799399456850533,2022-07-30,20,0.1,0.5,0.8,1
0,10,1.0,10,32,128,0.01,0.5,0,lenet5,5,3,cifar10,2,20,True,20.0,70,0.0001,50,3,ours,55.3125,"[0.019555555555555555, 0.03758333333333334, 0.040045833333333336, 0.025892857142857145, 0.012619047619047618]",-0.12247873689832292,2022-07-30,20,0.1,0.5,0.8,1
0,10,1.0,10,32,128,0.01,0.5,0,lenet5,5,3,cifar10,2,20,True,20.0,70,0.0001,50,1,local_training,62.85,"[0.0, 0.0, 0.0, 0.0, 0.0]",nan,2022-07-30,20,0.1,0.5,0.8,1
50,10,1.0,10,32,128,0.01,0.5,0,lenet5,5,3,cifar10,2,20,True,20.0,70,0.0001,50,2,sub_fedavg,64.5,"[0.027692307692307693, 0.032067510548523206, 0.008865546218487393, 0.007142857142857143, 0.015102040816326528]",-0.08614641940619228,2022-07-30,20,0.1,0.5,0.8,1
50,10,1.0,10,32,128,0.01,0.5,0,lenet5,5,3,cifar10,2,20,True,20.0,70,0.0001,50,3,sub_fedavg,68.825,"[0.07663786696395392, 0.06342829027450485, 0.07531333038971749, 0.07691893250051983, 0.07246304108235473]",-0.01585093236266602,2022-07-30,20,0.1,0.5,0.8,1
0,10,1.0,10,32,128,0.01,0.5,0,lenet5,5,3,cifar10,2,20,True,20.0,70,0.0001,50,1,local_training,52.85625,"[0.0, 0.0, 0.0, 0.0, 0.0]",nan,2022-07-30,20,0.1,0.5,0.8,1
50,10,1.0,10,32,128,0.01,0.5,0,lenet5,5,3,cifar10,2,20,True,20.0,70,0.0001,50,3,ours,67.9375,"[0.02608312349163656, 0.03246161003065558, 0.012899037443399453, 0.006355249778805562, 0.007328989381122095]",-0.02678362768421223,2022-07-30,20,0.1,0.5,0.8,1
50,10,1.0,10,32,128,0.01,0.5,0,lenet5,5,3,cifar10,2,20,True,20.0,70,0.0001,50,2,ours,65.33125,"[0.02843937630426524, 0.04204816306717605, 0.01895132874818157, 0.010839661183102974, 0.009471605160957193]",-0.08844679849710028,2022-07-30,20,0.1,0.5,0.8,1
50,10,1.0,10,32,128,0.01,0.5,0,lenet5,5,3,cifar10,2,20,True,20.0,70,0.0001,50,1,local_training,64.1875,"[0.0, 0.0, 0.0, 0.0, 0.0]",nan,2022-07-30,20,0.1,0.5,0.8,1
0,10,1.0,10,32,128,0.01,0.5,0,lenet5,5,3,cifar10,2,20,True,20.0,70,0.0001,50,2,ours,55.275,"[0.0, 0.0, 0.0, 0.0, 0.0]",0.10871472913552274,2022-07-30,20,0.2,0.8,0.8,1
0,10,1.0,10,32,128,0.01,0.5,0,lenet5,5,3,cifar10,2,20,True,20.0,70,0.0001,50,1,ours,56.0375,"[0.016045935559275474, 0.023087828175536756, 0.020886956681048854, 0.012620341435489, 0.006095113438045375]",0.0515085610566738,2022-07-30,20,0.2,0.8,0.8,1
0,10,1.0,10,32,128,0.01,0.5,0,lenet5,5,3,cifar10,2,20,True,20.0,70,0.0001,50,3,ours,58.575,"[0.018761010313693743, 0.023264558923487614, 0.020573072192956676, 0.013857951254021636, 0.010857480210009455]",-0.07603189339161119,2022-07-30,20,0.2,0.8,0.8,1
50,10,1.0,10,32,128,0.01,0.5,0,lenet5,5,3,cifar10,2,20,True,20.0,70,0.0001,50,1,ours,68.39375,"[0.007991080844049332, 0.024607274517864996, 0.008109127519109013, 0.006261965760434746, 0.004285244350499517]",0.09368346551107655,2022-07-30,20,0.2,0.8,0.8,1
50,10,1.0,10,32,128,0.01,0.5,0,lenet5,5,3,cifar10,2,20,True,20.0,70,0.0001,50,3,ours,69.3,"[0.02645698544796753, 0.03718470951974486, 0.013000416859595137, 0.006216230414187646, 0.006077360478734112]",0.3050023345780753,2022-07-30,20,0.2,0.8,0.8,1
50,10,1.0,10,32,128,0.01,0.5,0,lenet5,5,3,cifar10,2,20,True,20.0,70,0.0001,50,2,ours,66.71875,"[0.010317308158269745, 0.022692145890411585, 0.00896498910764495, 0.005221505221357146, 0.006167954623819217]",0.010010736169923163,2022-07-30,20,0.2,0.8,0.8,1
0,10,1.0,10,32,128,0.01,0.5,0,lenet5,5,3,cifar10,2,20,True,20.0,70,0.0001,50,1,ours,59.60625,"[0.0, 0.0, 0.0, 0.0, 0.0]",0.02628636838146872,2022-07-30,10,0.2,0.8,0.8,1
50,10,1.0,10,32,128,0.01,0.5,0,lenet5,5,3,cifar10,2,20,True,20.0,70,0.0001,50,1,ours,65.10625,"[0.005065073607851504, 0.013240004266843911, 0.004738433656832517, 0.0033895798336458344, 0.0034986126812536016]",0.3896850089284745,2022-07-30,10,0.2,0.8,0.8,1
0,10,1.0,10,32,128,0.01,0.5,0,lenet5,5,3,cifar10,2,20,True,20.0,70,0.0001,50,1,sub_fedavg,66.1375,"[0.0, 0.0, 0.0, 0.0, 0.0]",0.03559667154874809,2022-07-30,10,0.2,0.8,0.8,1
0,10,1.0,10,32,128,0.01,0.5,0,lenet5,5,3,cifar10,2,20,True,20.0,70,0.0001,50,2,sub_fedavg,59.5875,"[0.0, 0.0, 0.0, 0.0, 0.0]",-0.049736371359508376,2022-07-30,10,0.2,0.8,0.8,1
0,10,1.0,10,32,128,0.01,0.5,0,lenet5,5,3,cifar10,2,20,True,20.0,70,0.0001,50,3,sub_fedavg,61.79375,"[0.0, 0.0, 0.0, 0.0, 0.0]",-0.09514904815668744,2022-07-30,10,0.2,0.8,0.8,1
0,10,1.0,10,32,128,0.01,0.5,0,lenet5,5,3,cifar10,2,20,True,20.0,70,0.0001,50,1,ours,66.30625,"[0.0, 0.0, 0.0, 0.0, 0.0]",0.01725962240434456,2022-07-30,10,0.2,0.8,0.8,1
0,10,1.0,10,32,128,0.01,0.5,0,lenet5,5,3,cifar10,2,20,True,20.0,70,0.0001,50,2,ours,54.48125,"[0.015111111111111112, 0.03991666666666667, 0.04029583333333333, 0.023769841269841267, 0.01380952380952381]",-0.08761128751632338,2022-07-30,10,0.2,0.8,0.8,1
0,10,1.0,10,32,128,0.01,0.5,0,lenet5,5,3,cifar10,2,20,True,20.0,70,0.0001,50,3,ours,62.7375,"[0.024, 0.0385, 0.03994166666666667, 0.025416666666666664, 0.015]",-0.03785039956140892,2022-07-30,10,0.2,0.8,0.8,1
50,10,1.0,10,32,128,0.01,0.5,0,lenet5,5,3,cifar10,2,20,True,20.0,70,0.0001,50,1,sub_fedavg,71.40625,"[0.02230769230769231, 0.01518987341772152, 0.004327731092436975, 0.004672897196261681, 0.017551020408163264]",0.1633331179364497,2022-07-30,10,0.2,0.8,0.8,1
50,10,1.0,10,32,128,0.01,0.5,0,lenet5,5,3,cifar10,2,20,True,20.0,70,0.0001,50,2,sub_fedavg,71.1875,"[0.016923076923076923, 0.02109704641350211, 0.004110644257703082, 0.004739652870493992, 0.018367346938775515]",0.14232839597099625,2022-07-30,10,0.2,0.8,0.8,1
50,10,1.0,10,32,128,0.01,0.5,0,lenet5,5,3,cifar10,2,20,True,20.0,70,0.0001,50,3,sub_fedavg,73.4,"[0.02076923076923077, 0.02883263009845289, 0.005336134453781513, 0.004806408544726302, 0.017959183673469388]",0.24311525814057844,2022-07-30,10,0.2,0.8,0.8,1
50,10,1.0,10,32,128,0.01,0.5,0,lenet5,5,3,cifar10,2,20,True,20.0,70,0.0001,50,2,ours,72.18125,"[0.015764606164953423, 0.02961812734900158, 0.010206178374869989, 0.006553604131595237, 0.008315543870907084]",0.06853576135024429,2022-07-30,10,0.2,0.8,0.8,1
50,10,1.0,10,32,128,0.01,0.5,0,lenet5,5,3,cifar10,2,20,True,20.0,70,0.0001,50,1,ours,72.89375,"[0.013111838844473506, 0.029050094830909822, 0.015980210970594926, 0.008060801642789705, 0.006890764575428854]",0.2556550278482156,2022-07-30,10,0.2,0.8,0.8,1
50,10,1.0,10,32,128,0.01,0.5,0,lenet5,5,3,cifar10,2,20,True,20.0,70,0.0001,50,3,ours,73.61875,"[0.005285523357501413, 0.013424698937985835, 0.004186077594095014, 0.0026841180139081993, 0.003944962160753489]",0.24406462223217676,2022-07-30,10,0.2,0.8,0.8,1
0,100,0.1,10,32,128,0.01,0.5,0,lenet5,5,3,cifar10,2,20,True,20.0,70,0.0001,50,1,sub_fedavg,15.695,"[0.0, 0.0, 0.0, 0.0, 0.0]",0.007753493478296907,2022-07-30,10,0.2,0.8,0.8,1
0,100,0.1,10,32,128,0.01,0.5,0,lenet5,5,3,cifar10,2,20,True,20.0,70,0.0001,50,1,fedavg,14.855,"[0.0, 0.0, 0.0, 0.0, 0.0]",nan,2022-07-30,10,0.2,0.8,0.8,1
0,10,1.0,10,32,128,0.01,0.5,0,lenet5,5,3,cifar10,2,20,True,20.0,70,0.0001,50,1,fedavg,64.75625,"[0.0, 0.0, 0.0, 0.0, 0.0]",nan,2022-07-30,10,0.2,0.8,0.8,1
0,10,1.0,10,32,128,0.01,0.5,0,lenet5,5,3,cifar10,2,20,True,20.0,70,0.0001,50,2,fedavg,57.5625,"[0.0, 0.0, 0.0, 0.0, 0.0]",nan,2022-07-30,10,0.2,0.8,0.8,1
0,10,1.0,10,32,128,0.01,0.5,0,lenet5,5,3,cifar10,2,20,True,20.0,70,0.0001,50,3,fedavg,67.98125,"[0.0, 0.0, 0.0, 0.0, 0.0]",nan,2022-07-30,10,0.2,0.8,0.8,1
0,100,0.1,10,32,128,0.01,0.5,0,lenet5,5,3,cifar10,2,20,True,20.0,70,0.0001,50,1,ours,14.74375,"[0.0, 0.0, 0.0, 0.0, 0.0]",0.0017881690023717597,2022-07-30,10,0.2,0.8,0.8,1
300,100,0.1,10,32,128,0.01,0.5,0,lenet5,5,3,cifar10,2,20,True,20.0,70,0.0001,50,1,sub_fedavg,73.1225,"[0.013048456977804802, 0.014571781246269812, 0.01332132564162259, 0.012310507729434556, 0.013427426356251168]",0.01459424714521122,2022-07-30,10,0.2,0.8,0.8,1
600,100,0.1,10,32,128,0.01,0.5,0,lenet5,5,3,cifar10,2,20,True,20.0,70,0.0001,50,1,sub_fedavg,72.97,"[0.013048456977804802, 0.014571781246269812, 0.01332132564162259, 0.012310507729434556, 0.013427426356251168]",0.01459424714521122,2022-07-30,10,0.2,0.8,0.8,1
900,100,0.1,10,32,128,0.01,0.5,0,lenet5,5,3,cifar10,2,20,True,20.0,70,0.0001,50,1,sub_fedavg,72.93437,"[0.013048456977804802, 0.014571781246269812, 0.01332132564162259, 0.012310507729434556, 0.013427426356251168]",0.01459424714521122,2022-07-30,10,0.2,0.8,0.8,1
300,100,0.1,10,32,128,0.01,0.5,0,lenet5,5,3,cifar10,2,20,True,20.0,70,0.0001,50,1,ours,75.76125,"[0.006832191889209565, 0.018022640145693315, 0.01089848123666641, 0.006562944725209815, 0.005238161008863251]",0.013257996992271426,2022-07-30,10,0.2,0.8,0.8,1
600,100,0.1,10,32,128,0.01,0.5,0,lenet5,5,3,cifar10,2,20,True,20.0,70,0.0001,50,1,ours,75.75437,"[0.00939215931774678, 0.017859470354068888, 0.012663664991603646, 0.007021401434490392, 0.005584663944593259]",0.015347841467252118,2022-07-30,10,0.2,0.8,0.8,1
900,100,0.1,10,32,128,0.01,0.5,0,lenet5,5,3,cifar10,2,20,True,20.0,70,0.0001,50,1,ours,76.08625,"[0.00912527158048526, 0.015115746386976723, 0.01692718324918666, 0.007108584380248046, 0.0037089936121268863]",0.03061160219239855,2022-07-30,10,0.2,0.8,0.8,1
0,10,1.0,10,32,128,0.01,0.5,0,lenet5,5,3,cifar10,2,20,True,20.0,70,0.0001,50,3,fedspa,51.0625,"[0.0, 0.11846785225718197, 0.17113132844747703, 0.03439982821558944, 0.0]",-0.09978176193946961,2022-07-31,10,0.5,0.8,0.8,1
0,10,1.0,10,32,128,0.01,0.5,0,lenet5,5,3,cifar10,2,20,True,20.0,70,0.0001,50,3,fedspa,51.66875,"[0.0, 0.11709986320109438, 0.173127790413613, 0.03691217522009878, 0.0]",0.22800881149200097,2022-07-31,10,0.5,0.8,0.8,1
0,10,1.0,10,32,128,0.01,0.5,0,lenet5,5,3,cifar10,2,20,True,20.0,70,0.0001,50,3,fedspa,58.29375,"[0.0, 0.12489740082079344, 0.1824446129222475, 0.03890916899291389, 0.0]",0.13755524954875595,2022-07-31,10,0.5,0.8,0.8,1
0,10,1.0,10,32,128,0.01,0.5,0,lenet5,5,3,cifar10,2,20,True,20.0,70,0.0001,50,3,fedspa,43.6,"[0.0, 0.12818057455540355, 0.17254654199309244, 0.03699806742538114, 0.0]",-0.19086346854781713,2022-07-31,10,0.5,0.8,0.8,1
0,10,1.0,10,32,128,0.01,0.5,0,lenet5,5,3,cifar10,2,20,True,20.0,70,0.0001,50,3,fedspa,54.725,"[0.0, 0.11559507523939809, 0.17386909274703058, 0.03787846252952544, 0.0]",-0.0722281277021196,2022-07-31,10,0.5,0.8,0.8,1
0,10,1.0,10,32,128,0.01,0.5,0,lenet5,5,3,cifar10,2,20,True,20.0,70,0.0001,50,3,fedspa,54.2,"[0.0, 0.11723666210670314, 0.17677533484963354, 0.04131415074082027, 0.0]",-0.02248691641928214,2022-07-31,10,0.5,0.8,0.8,1
0,10,1.0,10,32,128,0.01,0.5,0,lenet5,5,3,cifar10,2,20,True,20.0,70,0.0001,50,3,fedspa,49.40625,"[0.0, 0.11340629274965801, 0.16997725549658832, 0.03351943311144513, 0.0]",-0.006224925349281256,2022-07-31,10,0.5,0.8,0.8,1
0,10,1.0,10,32,128,0.01,0.5,0,lenet5,5,3,cifar10,2,20,True,20.0,70,0.0001,50,3,fedspa,60.075,"[0.0, 0.12147742818057457, 0.1677870440569455, 0.03650418724500752, 0.0]",-0.07458857842998254,2022-07-31,10,0.5,0.8,0.8,1
0,10,1.0,10,32,128,0.01,0.5,0,lenet5,5,3,cifar10,2,20,True,20.0,70,0.0001,50,3,fedspa,51.64375,"[0.0, 0.1387140902872777, 0.22739449077584029, 0.028709469615632376, 0.0]",0.24811531526408961,2022-07-31,10,0.2,0.8,0.8,1
0,10,1.0,10,32,128,0.01,0.5,0,lenet5,5,3,cifar10,2,20,True,20.0,70,0.0001,50,3,fedspa,55.56875,"[0.0, 0.12216142270861836, 0.18811389099486142, 0.03476487008803951, 0.0]",0.1517720815366316,2022-07-31,10,0.4,0.8,0.8,1
0,10,1.0,10,32,128,0.01,0.5,0,lenet5,5,3,cifar10,2,20,True,20.0,70,0.0001,50,2,fedspa,56.41875,"[0.0, 0.13953488372093026, 0.22795046752590342, 0.033734163624651065, 0.0]",-0.018797475639316417,2022-07-31,10,0.2,0.8,0.8,1
0,10,1.0,10,32,128,0.01,0.5,0,lenet5,5,3,cifar10,2,20,True,20.0,70,0.0001,50,1,fedspa,52.50625,"[0.002304147465437788, 0.13529411764705884, 0.22227276556313705, 0.02791496671677045, 0.0]",0.15280945533876664,2022-07-31,10,0.2,0.8,0.8,1
0,10,1.0,10,32,128,0.01,0.5,0,lenet5,5,3,cifar10,2,20,True,20.0,70,0.0001,50,1,fedspa,59.78125,"[0.002534562211981567, 0.139671682626539, 0.22196950551764805, 0.02508052394245222, 0.0]",0.16845621909103625,2022-07-31,10,0.2,0.8,0.8,1
0,10,1.0,10,32,128,0.01,0.5,0,lenet5,5,3,cifar10,2,20,True,20.0,70,0.0001,50,1,fedspa,60.08125,"[0.0, 0.13679890560875513, 0.2235868924269227, 0.02735666738243504, 0.0]",0.27110124435821087,2022-07-31,10,0.2,0.8,0.8,1
0,10,1.0,10,32,128,0.01,0.5,0,lenet5,5,3,cifar10,2,20,True,20.0,70,0.0001,50,2,fedspa,51.2125,"[0.0, 0.14432284541723667, 0.22355319686631284, 0.02883830792355594, 0.0]",0.17321701883425303,2022-07-31,10,0.2,0.8,0.8,1
0,10,1.0,10,32,128,0.01,0.5,0,lenet5,5,3,cifar10,2,20,True,20.0,70,0.0001,50,3,fedspa,54.18125,"[0.0, 0.14213406292749658, 0.22753769690843234, 0.02793643976809105, 0.0]",0.2494467868120625,2022-07-31,10,0.2,0.8,0.8,1
0,100,0.1,10,32,128,0.01,0.5,0,lenet5,5,3,cifar10,2,20,True,20.0,70,0.0001,50,3,fedspa,17.565625,"[0.0, 0.0, 0.00034706427428186324, 0.0, 0.0]",-0.0037200810386883642,2022-07-31,10,0.2,0.8,0.8,1
300,100,0.1,10,32,128,0.01,0.5,0,lenet5,5,3,cifar10,2,20,True,20.0,70,0.0001,50,3,fedspa,6.625,"[0.0, 0.0, 1.682948333408716e-05, 1.6085790884718497e-05, 0.0]",0.0035851435603008993,2022-07-31,10,0.2,0.8,0.8,1
0,100,0.1,10,32,128,0.01,0.5,0,lenet5,5,3,cifar10,2,20,True,20.0,70,0.0001,50,3,fedspa,15.610625,"[0.0, 0.0, 0.0002729340409401059, 0.0, 0.0]",-0.03258471848567609,2022-07-31,10,0.1,0.8,0.8,1
300,100,0.1,10,32,128,0.01,0.5,0,lenet5,5,3,cifar10,2,20,True,20.0,70,0.0001,50,3,fedspa,62.515625,"[0.0, 0.03316005471956224, 0.04211271165024009, 0.012177367403908094, 0.0]",0.053611916933274384,2022-07-31,10,0.1,0.8,0.8,1
600,100,0.1,10,32,128,0.01,0.5,0,lenet5,5,3,cifar10,2,20,True,20.0,70,0.0001,50,3,fedspa,6.625,"[0.0, 3.0303030303030302e-05, 1.588191457551799e-05, 3.572336168025527e-05, 0.0]",-0.0002444167111825198,2022-07-31,10,0.1,0.8,0.8,1
900,100,0.1,10,32,128,0.01,0.5,0,lenet5,5,3,cifar10,2,20,True,20.0,70,0.0001,50,3,fedspa,6.625,"[2.5445292620865142e-05, 6.051437216338881e-05, 3.171015804716725e-05, 2.852728122580225e-05, 0.0]",0.0006814344253359612,2022-07-31,10,0.1,0.8,0.8,1
0,100,0.1,10,32,128,0.01,0.5,0,lenet5,5,3,cifar10,2,20,True,20.0,70,0.0001,50,3,fedspa,14.576875,"[0.0, 0.0, 0.000248504759497936, 0.0, 0.0]",-0.004676789633301523,2022-08-01,10,0.1,0.8,0.8,1
0,10,1.0,10,32,128,0.01,0.5,0,lenet5,5,3,cifar10,2,20,True,20.0,70,0.0001,50,3,fedspa,56.15625,"[0.0, 0.1243502051983584, 0.16746693623115153, 0.03474339703671892, 0.0]",0.24713016231853416,2022-08-01,10,0.5,0.8,0.8,1
0,10,1.0,10,32,128,0.01,0.5,0,lenet5,5,3,cifar10,2,20,True,20.0,70,0.0001,50,3,fedspa,56.59375,"[0.0, 0.10574555403556773, 0.16606014657568866, 0.03897358814687567, 0.0]",-0.08210199590993147,2022-08-01,10,0.5,0.8,0.8,1
0,10,1.0,10,32,128,0.01,0.5,0,lenet5,5,3,cifar10,2,20,True,20.0,70,0.0001,50,3,fedspa,55.20625,"[0.0, 0.12038303693570451, 0.16569791929913236, 0.03884474983895212, 0.0]",-0.057980762993345814,2022-08-01,10,0.5,0.8,0.8,1
0,10,1.0,10,32,128,0.01,0.5,0,lenet5,5,3,cifar10,2,20,True,20.0,70,0.0001,50,3,fedspa,48.4875,"[0.0, 0.11997264021887824, 0.1700109510571982, 0.04058406699592012, 0.0]",-0.10900950144838771,2022-08-01,10,0.5,0.8,0.8,1
0,10,1.0,10,32,128,0.0001,0.5,0,lenet5,5,3,cifar10,2,20,True,20.0,70,0.0001,50,3,fedspa,20.84375,"[0.0, 0.10834473324213408, 0.15781315811641816, 0.0321666308782478, 0.0]",0.10787267205331992,2022-08-01,10,0.5,0.8,0.8,1
0,10,1.0,10,32,128,0.01,0.5,0,lenet5,5,3,cifar10,2,20,True,20.0,70,0.0001,50,3,fedspa,49.8625,"[0.0, 0.11846785225718195, 0.1717210007581501, 0.036117672321236846, 0.0]",0.49699440459869126,2022-08-01,10,0.5,0.8,0.8,1
0,100,0.1,10,32,128,0.01,0.5,0,lenet5,5,3,cifar10,2,20,True,20.0,70,0.0001,50,2,sub_fedavg,12.209375,"[0.0, 0.0, 0.0, 0.0, 0.0]",0.0024189423317871996,2022-08-06,10,0.5,0.8,0.8,1
0,100,0.1,10,32,128,0.01,0.5,0,lenet5,5,3,cifar10,2,20,True,20.0,70,0.0001,50,2,local_training,11.655,"[0.0, 0.0, 0.0, 0.0, 0.0]",nan,2022-08-06,10,0.5,0.8,0.8,1
0,10,1.0,10,32,128,0.01,0.5,0,lenet5_add_1fl,5,3,cifar10,2,20,True,20.0,70,0.0001,50,1,local_training,66.1625,"[0.0, 0.2342261904761905, 0.3598187311178248, 0.013911663581063211, 0.0, 0.0]",0.06931467476827324,2022-10-26,10,0.5,1.0,0.8,1.0
